,bin_index,chromosome,mean_cnv
0,0,chr1,0.009107482317209207
1,1,chr1,0.010061692305617325
2,2,chr1,0.008054679311012206
3,3,chr1,0.0036114946643026617
4,4,chr1,0.0019100601775022495
5,5,chr1,0.0007796299981457469
6,6,chr1,0.0004159830622645853
7,7,chr1,0.0006049398345340109
8,8,chr1,0.0017504493920496606
9,9,chr1,0.005915983259089166
10,10,chr1,0.008737750119913956
11,11,chr1,0.012276120453182696
12,12,chr1,0.013341280364305408
13,13,chr1,0.015404414940309665
14,14,chr1,0.0152429358047349
15,15,chr1,0.01490829232565097
16,16,chr1,0.01379389281408962
17,17,chr1,0.010711723308908115
18,18,chr1,0.003169941234644533
19,19,chr1,0.000459506415397934
20,20,chr1,0.00043196760856139676
21,21,chr1,0.0001065843920409333
22,22,chr1,-2.8475118201272596e-05
23,23,chr1,-2.5360702172299994e-05
24,24,chr1,0.0
25,25,chr1,0.0
26,26,chr1,0.004944997639811546
27,27,chr1,0.007204587474744903
28,28,chr1,0.008762805765618189
29,29,chr1,0.005862537905115685
30,30,chr1,0.0025438987186377424
31,31,chr1,0.00014732332283673416
32,32,chr1,0.0
33,33,chr1,0.0
34,34,chr1,0.0
35,35,chr1,0.0
36,36,chr1,0.0
37,37,chr1,2.520508416596525e-05
38,38,chr1,0.0018229911403372088
39,39,chr1,0.005343799793862787
40,40,chr1,0.00973032491871289
41,41,chr1,0.015201637307353383
42,42,chr1,0.01757197054748881
43,43,chr1,0.017168844841018154
44,44,chr1,0.01531425727570456
45,45,chr1,0.01132428755884461
46,46,chr1,0.007668300119522044
47,47,chr1,0.004397403409167547
48,48,chr1,0.006674635355710277
49,49,chr1,0.012886598285132845
50,50,chr1,0.020067166904921812
51,51,chr1,0.025355766778640907
52,52,chr1,0.026784981077362904
53,53,chr1,0.015367304548496235
54,54,chr1,0.0037368779032017035
55,55,chr1,0.00018340107643109708
56,56,chr1,2.461343767660699e-05
57,57,chr1,-2.6422452161241827e-05
58,58,chr1,-4.992521480224658e-05
59,59,chr1,6.926416884093243e-05
60,60,chr1,0.0005426989913816651
61,61,chr1,0.00021650207649183403
62,62,chr1,6.116785328935881e-05
63,63,chr1,-5.2067186246697184e-05
64,64,chr1,-0.00030924494062800894
65,65,chr1,-0.0004539093246235793
66,66,chr1,-0.000371221437248201
67,67,chr1,9.962658472676532e-05
68,68,chr1,-2.4846509060284183e-05
69,69,chr1,7.788078125402966e-05
70,70,chr1,-0.0003828026805905516
71,71,chr1,-0.0004110145958427907
72,72,chr1,-0.00040423765268783173
73,73,chr1,-0.00022701294388841043
74,74,chr1,1.0171885613256029e-05
75,75,chr1,0.001311805992527195
76,76,chr1,0.001717242848495887
77,77,chr1,8.626890647096592e-05
78,78,chr1,-0.002264791117049683
79,79,chr1,-0.001897952455716201
80,80,chr1,-0.0011960689763811704
81,81,chr1,-7.951744686396236e-05
82,82,chr1,0.0030769754123121298
83,83,chr1,0.008158251787331807
84,84,chr1,0.009417588049950748
85,85,chr1,0.008763121996442878
86,86,chr1,0.006171848606816574
87,87,chr1,0.00102755097082028
88,88,chr1,5.189242973694198e-05
89,89,chr1,2.5270890179045406e-05
90,90,chr1,0.00015499024516045545
91,91,chr1,5.4968664309233836e-05
92,92,chr1,2.4304327588388507e-05
93,93,chr1,-2.4392413206055424e-05
94,94,chr1,-0.00011095578682707094
95,95,chr1,-0.001984120683954132
96,96,chr1,-0.010435977871564922
97,97,chr1,-0.015885360906699755
98,98,chr1,-0.018237603873813575
99,99,chr1,-0.01887842672400681
100,100,chr1,-0.01660682700053867
101,101,chr1,-0.014789341992488917
102,102,chr1,-0.012964362072776948
103,103,chr1,-0.010404301441342993
104,104,chr1,-0.009120664389051977
105,105,chr1,-0.006646469236617523
106,106,chr1,-0.004397421682875626
107,107,chr1,-0.004465044433481363
108,108,chr1,-0.005556424781761812
109,109,chr1,-0.007471225835728188
110,110,chr1,-0.010365209723856336
111,111,chr1,-0.014859455121365484
112,112,chr1,-0.015647579055802757
113,113,chr1,-0.01010572285307454
114,114,chr1,-0.0024463583460584584
115,115,chr1,-0.0003963455871224934
116,116,chr1,0.0
117,117,chr1,0.0004240851698085638
118,118,chr1,0.00039821611378963473
119,119,chr1,0.0
120,120,chr1,2.436793273297644e-05
121,121,chr1,0.000560754517249513
122,122,chr1,0.001795644757303626
123,123,chr1,0.004247356392028682
124,124,chr1,0.007395352324670695
125,125,chr1,0.005893206601918449
126,126,chr1,0.0028838700651852584
127,127,chr1,0.0008717480732628167
128,128,chr1,0.0006410222730673506
129,129,chr1,0.0006847386404967281
130,130,chr1,0.0018056384524962623
131,131,chr1,0.004541463776679091
132,132,chr1,0.006518172142907447
133,133,chr1,0.002282064959362493
134,134,chr1,0.00067775869370264
135,135,chr1,0.00010733744502047047
136,136,chr1,0.0
137,137,chr1,0.0
138,138,chr2,0.0
139,139,chr2,0.0
140,140,chr2,0.0
141,141,chr2,0.0
142,142,chr2,0.0
143,143,chr2,0.0
144,144,chr2,0.0
145,145,chr2,0.0
146,146,chr2,0.0
147,147,chr2,0.0
148,148,chr2,0.0
149,149,chr2,2.5980842614668664e-05
150,150,chr2,0.0003542022281729537
151,151,chr2,0.0005370630371070827
152,152,chr2,0.0006046432496488352
153,153,chr2,0.00028380399182735593
154,154,chr2,0.0
155,155,chr2,0.0
156,156,chr2,0.0
157,157,chr2,-0.00012626368435047879
158,158,chr2,-0.0002642612450467441
159,159,chr2,-0.00015649954203799578
160,160,chr2,-0.00015192669280595522
161,161,chr2,-0.0004440431805316797
162,162,chr2,-0.00028785056948217195
163,163,chr2,-0.0002845517796680983
164,164,chr2,-0.00026786819318528644
165,165,chr2,-0.00024001632156191586
166,166,chr2,-0.00010603162520865685
167,167,chr2,-0.0001287293994622526
168,168,chr2,-9.959109132126719e-05
169,169,chr2,-0.00025730533329694965
170,170,chr2,-0.0016256563988835833
171,171,chr2,-0.001968217334379011
172,172,chr2,-0.0014779210938211768
173,173,chr2,-0.0008970940558288765
174,174,chr2,-9.891969300364013e-05
175,175,chr2,-4.989504120175729e-05
176,176,chr2,-2.493472670764789e-05
177,177,chr2,0.0
178,178,chr2,0.0
179,179,chr2,0.00015385140018346
180,180,chr2,0.0005360702769479847
181,181,chr2,0.0009943702273010034
182,182,chr2,0.0004891374473724499
183,183,chr2,0.0
184,184,chr2,-2.4499238402888682e-05
185,185,chr2,-0.008251851385220856
186,186,chr2,-0.017514312067527307
187,187,chr2,-0.018304593723709052
188,188,chr2,-0.016788357276902033
189,189,chr2,-0.013246721816017791
190,190,chr2,-0.007191909303481298
191,191,chr2,-0.00012471895225173326
192,192,chr2,0.0
193,193,chr2,0.0
194,194,chr2,0.0
195,195,chr2,0.0
196,196,chr2,-0.0016776974187811852
197,197,chr2,-0.009192304832080157
198,198,chr2,-0.015495260139734748
199,199,chr2,-0.020136017310493037
200,200,chr2,-0.02262516867183475
201,201,chr2,-0.021734576457000113
202,202,chr2,-0.018513543966049827
203,203,chr2,-0.012881504908263206
204,204,chr2,-0.0068864305422002385
205,205,chr2,-0.0021214702108030238
206,206,chr2,-0.000847344881457576
207,207,chr2,-0.000202481205504289
208,208,chr2,0.0
209,209,chr2,0.0
210,210,chr2,2.4856611548684194e-05
211,211,chr2,0.0007346701756383752
212,212,chr2,0.004629476105064818
213,213,chr2,0.010142030911669164
214,214,chr2,0.010959367771582504
215,215,chr2,0.006014186244001699
216,216,chr2,0.0027476303921952256
217,217,chr2,0.0014358679644590276
218,218,chr2,0.0010313974077636606
219,219,chr2,0.0010438436501518983
220,220,chr2,0.0013339110283083896
221,221,chr2,0.0014593055113966014
222,222,chr2,0.0018943056577416714
223,223,chr3,-0.004474885042016818
224,224,chr3,-0.00650432272408757
225,225,chr3,-0.008850195242332546
226,226,chr3,-0.010412733152892328
227,227,chr3,-0.010954000226198751
228,228,chr3,-0.009697277579406962
229,229,chr3,-0.00446553825695922
230,230,chr3,-0.00027614344747139784
231,231,chr3,0.0
232,232,chr3,0.0
233,233,chr3,0.0
234,234,chr3,0.0
235,235,chr3,0.0
236,236,chr3,2.5046767186763686e-05
237,237,chr3,0.00010620934012865561
238,238,chr3,0.0008879842476624448
239,239,chr3,0.005943785944895921
240,240,chr3,0.011869085269820594
241,241,chr3,0.010091076638101997
242,242,chr3,0.0074421615332126555
243,243,chr3,0.0040213298738606676
244,244,chr3,0.0004483085542664239
245,245,chr3,0.0
246,246,chr3,0.0
247,247,chr3,-2.5178288815176963e-05
248,248,chr3,-0.00012547298336750346
249,249,chr3,0.0005779866962721673
250,250,chr3,0.0016753355532832658
251,251,chr3,0.0001300211872898813
252,252,chr3,5.18848627981893e-05
253,253,chr3,0.0
254,254,chr3,0.0
255,255,chr3,0.0
256,256,chr3,0.0
257,257,chr3,-2.439827187239999e-05
258,258,chr3,-0.0002050439528164431
259,259,chr3,-0.00015964952523659536
260,260,chr3,-0.00016659476490307748
261,261,chr3,-3.850479663127247e-05
262,262,chr3,5.550873192419201e-05
263,263,chr3,-2.4242012960491722e-05
264,264,chr3,0.0
265,265,chr3,0.0
266,266,chr3,0.0
267,267,chr3,7.734131781820566e-05
268,268,chr3,0.00040477395424965985
269,269,chr3,0.0005224583230775259
270,270,chr3,0.0001964300600917052
271,271,chr3,-2.4521572279112412e-05
272,272,chr3,-7.700511606768006e-05
273,273,chr3,-0.00016565148656125798
274,274,chr3,-0.0005720254177653281
275,275,chr3,-0.0012431642590778219
276,276,chr3,-0.0009340047305010298
277,277,chr3,-0.000544785306588609
278,278,chr3,-0.00044715539273109414
279,279,chr3,-0.00045939790912162017
280,280,chr3,-0.00023468124271634676
281,281,chr3,-0.00010033064325831641
282,282,chr3,-2.514091939826901e-05
283,283,chr3,0.00018351896021854639
284,284,chr3,0.0016272625315139045
285,285,chr3,0.0028898322415559867
286,286,chr3,0.0029605510728160675
287,287,chr3,0.002139366926238994
288,288,chr3,0.0015805794832998326
289,289,chr3,0.0007982962734550306
290,290,chr3,0.0020803241122939065
291,291,chr3,0.006530012868908849
292,292,chr3,0.009238137817564869
293,293,chr3,0.007906143086583868
294,294,chr4,0.0020800935929447093
295,295,chr4,0.003979194173595504
296,296,chr4,0.003362867980914749
297,297,chr4,0.002310303308552271
298,298,chr4,0.0032409719627045233
299,299,chr4,0.005315500001336955
300,300,chr4,0.0034960747106241095
301,301,chr4,0.00202319764564837
302,302,chr4,0.0035439435814600866
303,303,chr4,0.005388923537491166
304,304,chr4,0.004615555868546516
305,305,chr4,0.0033459876148750835
306,306,chr4,0.0023183747002176545
307,307,chr4,0.00032432233685025623
308,308,chr4,0.00012770052267649113
309,309,chr4,0.0008581492645140146
310,310,chr4,0.006737725738330295
311,311,chr4,0.013141779393558175
312,312,chr4,0.020655317316976594
313,313,chr4,0.017018943197065678
314,314,chr4,0.010721028260237854
315,315,chr4,0.0033024535918631187
316,316,chr4,0.0001538055727123543
317,317,chr4,-0.0001329282933303933
318,318,chr4,-0.0006564915447893997
319,319,chr4,-0.0003134091826131296
320,320,chr4,0.0
321,321,chr4,0.0
322,322,chr4,0.0
323,323,chr4,0.00013138563348895173
324,324,chr4,0.0009143485701480153
325,325,chr4,0.0012327305088668924
326,326,chr4,0.0007710975448900333
327,327,chr4,0.00010643847437840783
328,328,chr4,0.0
329,329,chr4,0.0
330,330,chr4,0.0
331,331,chr4,0.0
332,332,chr4,0.0
333,333,chr4,5.7191088169080694e-05
334,334,chr4,0.0015322360704702984
335,335,chr4,0.001599160083330777
336,336,chr4,0.0005909692280554909
337,337,chr4,0.00013101380801060466
338,338,chr4,0.0
339,339,chr5,0.0
340,340,chr5,-0.0001768744674434128
341,341,chr5,-0.00015254032626556217
342,342,chr5,-7.90562262073167e-05
343,343,chr5,-2.574728692461527e-05
344,344,chr5,-2.5497856704147364e-05
345,345,chr5,-2.7442461690655236e-05
346,346,chr5,0.0
347,347,chr5,0.0
348,348,chr5,0.0
349,349,chr5,0.0002402282234909775
350,350,chr5,0.0008842635769285082
351,351,chr5,0.0013637682386416121
352,352,chr5,0.0009527053131239575
353,353,chr5,0.00016176552793296
354,354,chr5,0.0
355,355,chr5,0.0
356,356,chr5,-0.001569394787917357
357,357,chr5,-0.007090176619300544
358,358,chr5,-0.007786568165132238
359,359,chr5,-0.005649033064225672
360,360,chr5,-0.003742141158603036
361,361,chr5,-0.0004081813954241704
362,362,chr5,0.0
363,363,chr5,0.0
364,364,chr5,0.0
365,365,chr5,0.0
366,366,chr5,0.00010031209135905256
367,367,chr5,0.000261262082463334
368,368,chr5,0.0003656866389447022
369,369,chr5,2.4344512514713675e-05
370,370,chr5,0.0
371,371,chr5,0.0
372,372,chr5,0.0
373,373,chr5,0.0
374,374,chr5,0.0
375,375,chr5,2.5465279251825112e-05
376,376,chr5,0.00014722141219887416
377,377,chr5,0.002920627514906528
378,378,chr5,0.005461999290579206
379,379,chr5,0.003508367339737398
380,380,chr5,0.001666591992219862
381,381,chr5,-0.002326875169208478
382,382,chr5,-0.006333616695523978
383,383,chr5,-0.009518182561482794
384,384,chr5,-0.009592185504291096
385,385,chr5,-0.002628896548428415
386,386,chr5,0.0005893197306542543
387,387,chr5,0.0008251716531175286
388,388,chr5,0.0005885731912637796
389,389,chr5,0.0016605718067715515
390,390,chr5,0.005250258323862525
391,391,chr6,0.0
392,392,chr6,0.0
393,393,chr6,0.0
394,394,chr6,-2.457897446819631e-05
395,395,chr6,-7.97882427694373e-05
396,396,chr6,-0.00010488907244330131
397,397,chr6,-2.4725108173689534e-05
398,398,chr6,0.0
399,399,chr6,0.00041675709598166735
400,400,chr6,0.006881203172835434
401,401,chr6,0.016167294997371243
402,402,chr6,0.022213027392326223
403,403,chr6,0.02654416196428038
404,404,chr6,0.023765056230904625
405,405,chr6,0.02230813698712402
406,406,chr6,0.020150970823147294
407,407,chr6,0.014737830936383136
408,408,chr6,0.003069947572786106
409,409,chr6,0.0008818154079331853
410,410,chr6,-1.8286748009854378e-05
411,411,chr6,-9.170100487191313e-05
412,412,chr6,-0.0002502114095128882
413,413,chr6,-0.00014128431374319439
414,414,chr6,-0.00019988024667977732
415,415,chr6,-0.0002199788210982936
416,416,chr6,-8.461254238921382e-05
417,417,chr6,-5.2062060568676015e-05
418,418,chr6,0.0
419,419,chr6,2.7718730602118044e-05
420,420,chr6,8.472438168546378e-05
421,421,chr6,0.00043255211986993115
422,422,chr6,0.0005419294033925439
423,423,chr6,7.910715944577874e-05
424,424,chr6,0.0
425,425,chr6,-5.169759460833112e-05
426,426,chr6,-0.0003870645189812526
427,427,chr6,-0.0011313087368365117
428,428,chr6,-0.001483813487919455
429,429,chr6,-0.00134707834555211
430,430,chr6,-0.0011985236724418456
431,431,chr6,-0.0008820716711973191
432,432,chr6,-0.0005818189743233877
433,433,chr6,-0.0005405187459944295
434,434,chr6,-0.0004941720878951829
435,435,chr6,-0.00015975800774481659
436,436,chr6,-0.00020917084397502943
437,437,chr6,-0.00025969695945743577
438,438,chr6,-5.112872475260788e-05
439,439,chr6,0.0
440,440,chr6,0.0
441,441,chr6,0.0
442,442,chr6,0.0
443,443,chr6,0.0
444,444,chr6,2.4345379419499323e-05
445,445,chr6,0.0008442135154494362
446,446,chr6,0.001024518714216229
447,447,chr6,5.533617877965594e-05
448,448,chr6,2.694808385538472e-05
449,449,chr6,0.0
450,450,chr6,0.0
451,451,chr6,0.0
452,452,chr6,0.0
453,453,chr7,0.002771487040571581
454,454,chr7,0.0004948596190452162
455,455,chr7,0.0006894674015417879
456,456,chr7,0.0009266268963268779
457,457,chr7,0.0006432175690526465
458,458,chr7,0.0006274228554605161
459,459,chr7,0.0016271873529650747
460,460,chr7,0.0036038798977147003
461,461,chr7,0.00031792668059768244
462,462,chr7,7.707647625622054e-05
463,463,chr7,0.0
464,464,chr7,0.0
465,465,chr7,-0.00010255179148847573
466,466,chr7,-0.0001289451400365261
467,467,chr7,-7.703199974982987e-05
468,468,chr7,-5.033515611728799e-05
469,469,chr7,2.7221123189480944e-05
470,470,chr7,0.0017613773104047249
471,471,chr7,0.014700080374216037
472,472,chr7,0.028640940866835246
473,473,chr7,0.03874323991173634
474,474,chr7,0.044259239376070424
475,475,chr7,0.03697058792160615
476,476,chr7,0.026961089487869367
477,477,chr7,0.010226531706082979
478,478,chr7,0.00011065072866493605
479,479,chr7,-7.865520697872669e-05
480,480,chr7,-0.00031848175994505075
481,481,chr7,-0.0008626522445594802
482,482,chr7,0.00012096836867885114
483,483,chr7,0.001192763435258423
484,484,chr7,0.007241501867783882
485,485,chr7,0.021439030154409584
486,486,chr7,0.032682833277917885
487,487,chr7,0.03507793107362825
488,488,chr7,0.035148157235779263
489,489,chr7,0.03500757035872188
490,490,chr7,0.03276506129209679
491,491,chr7,0.02304458526732148
492,492,chr7,0.01908431163535025
493,493,chr7,0.014718966969755286
494,494,chr7,0.010404291480124615
495,495,chr7,0.007108498992437214
496,496,chr7,0.007122948759495567
497,497,chr7,0.003704662149138685
498,498,chr7,4.9069094716735134e-05
499,499,chr7,0.0
500,500,chr7,0.0
501,501,chr7,-0.00018711004419960975
502,502,chr7,-0.0004965305790765179
503,503,chr7,-7.779862024887661e-05
504,504,chr7,2.7784964139075702e-05
505,505,chr7,0.0001315102119380109
506,506,chr7,0.00019615628070652523
507,507,chr7,0.00018039104058806325
508,508,chr7,0.00012357767767577174
509,509,chr8,-0.004373864895454021
510,510,chr8,-0.008973268250889517
511,511,chr8,-0.018026523381091304
512,512,chr8,-0.024678101053112304
513,513,chr8,-0.026302180964592817
514,514,chr8,-0.023704789692040422
515,515,chr8,-0.02043318756960655
516,516,chr8,-0.013551965907654817
517,517,chr8,-0.0023927286603073997
518,518,chr8,-0.0004461789694871073
519,519,chr8,-0.00023921414289789652
520,520,chr8,-0.00015189680871236942
521,521,chr8,0.0
522,522,chr8,0.0
523,523,chr8,0.0
524,524,chr8,0.00013923691322302768
525,525,chr8,0.0003497304382989065
526,526,chr8,0.00014127436915695654
527,527,chr8,0.0
528,528,chr8,0.0
529,529,chr8,0.0
530,530,chr8,0.0
531,531,chr8,0.0
532,532,chr8,0.0002621293370310462
533,533,chr8,0.0035113477509710446
534,534,chr8,0.004163130782554859
535,535,chr8,0.001870660643247095
536,536,chr8,0.0009318487629078434
537,537,chr8,0.0005711118120617895
538,538,chr8,2.6085976005488372e-05
539,539,chr8,0.0
540,540,chr8,0.00018565500410127212
541,541,chr8,5.935034975152346e-05
542,542,chr8,2.9755630253306835e-05
543,543,chr8,0.0003160971838509723
544,544,chr8,0.003364386045253341
545,545,chr8,0.012804183157329443
546,546,chr8,0.02638642073157721
547,547,chr8,0.04349889851769803
548,548,chr8,0.06015324015611971
549,549,chr9,0.00014032948143288682
550,550,chr9,0.000894458054434178
551,551,chr9,0.0038084463142886026
552,552,chr9,0.005833642878811651
553,553,chr9,0.0035578118848889487
554,554,chr9,0.0017600446379185696
555,555,chr9,0.0009163402264580839
556,556,chr9,0.0004033200641308875
557,557,chr9,0.0001365870615239312
558,558,chr9,0.0005349360661798903
559,559,chr9,0.0003155660782010184
560,560,chr9,0.000300925308753222
561,561,chr9,8.429698787097225e-05
562,562,chr9,5.388652635847455e-05
563,563,chr9,0.0
564,564,chr9,0.0
565,565,chr9,0.0
566,566,chr9,0.0
567,567,chr9,-2.4335300568331176e-05
568,568,chr9,4.937449300396815e-05
569,569,chr9,0.00037042142910905765
570,570,chr9,0.0012542569965202169
571,571,chr9,0.004164622601706894
572,572,chr9,0.01336746771941093
573,573,chr9,0.01852606459386813
574,574,chr9,0.019203617027924606
575,575,chr9,0.01751230641927855
576,576,chr9,0.005442119731360979
577,577,chr9,2.127560857553971e-07
578,578,chr9,-2.9907081197661926e-05
579,579,chr9,-2.6208629445883345e-05
580,580,chr9,-2.7738136452351894e-05
581,581,chr9,-2.6810487478503486e-05
582,582,chr9,0.0001906544972747424
583,583,chr9,0.0020698297351608675
584,584,chr9,0.0028772051001704924
585,585,chr9,0.0005161603811456231
586,586,chr9,5.343820611284207e-05
587,587,chr9,0.0
588,588,chr9,-2.7282947126739234e-05
589,589,chr9,-8.225118396698182e-05
590,590,chr9,-2.4554028277062914e-05
591,591,chr9,0.0
592,592,chr9,0.00012509547932909273
593,593,chr9,0.004725683511317934
594,594,chr9,0.018331779619344218
595,595,chr10,-0.01970036369759776
596,596,chr10,-0.023622773973626596
597,597,chr10,-0.02378599331842849
598,598,chr10,-0.020076471678791903
599,599,chr10,-0.017588393792240708
600,600,chr10,-0.015043506740918233
601,601,chr10,-0.010628259775531475
602,602,chr10,-0.004800691657150877
603,603,chr10,-0.004051167932318578
604,604,chr10,-0.003251465003694222
605,605,chr10,-0.002694875229160824
606,606,chr10,-0.002351815204398376
607,607,chr10,-0.001302770755514981
608,608,chr10,-0.0013398967022475443
609,609,chr10,-0.002020088245001189
610,610,chr10,-0.003491710214122991
611,611,chr10,-0.005057063937189054
612,612,chr10,-0.007081383705788652
613,613,chr10,-0.006923200027538952
614,614,chr10,-0.0028490526656487197
615,615,chr10,-0.0002858771018509893
616,616,chr10,0.0
617,617,chr10,0.0
618,618,chr10,0.0
619,619,chr10,0.0
620,620,chr10,0.0
621,621,chr10,-2.5083353380787513e-05
622,622,chr10,-0.0005941471823683959
623,623,chr10,-0.0026230096429351096
624,624,chr10,-0.001607806351105589
625,625,chr10,-0.00010222102234026093
626,626,chr10,0.0
627,627,chr10,0.0
628,628,chr10,0.0
629,629,chr10,0.0
630,630,chr10,0.0
631,631,chr10,0.0001107017440465462
632,632,chr10,0.0004538874237815897
633,633,chr10,0.0022296088973103615
634,634,chr10,0.0038819489380496597
635,635,chr10,0.006633365139760747
636,636,chr10,0.006562824453381098
637,637,chr10,0.0053747408672465925
638,638,chr10,0.004841152412204483
639,639,chr10,0.005514498884083167
640,640,chr11,0.042477120369107536
641,641,chr11,0.02409904986625484
642,642,chr11,0.005889224286804043
643,643,chr11,2.764038790809552e-05
644,644,chr11,-5.009103606088139e-05
645,645,chr11,-0.00012527419447796092
646,646,chr11,-7.770836793965243e-05
647,647,chr11,-5.118873212594569e-05
648,648,chr11,0.0
649,649,chr11,5.1462069733858935e-05
650,650,chr11,0.0006346699759462136
651,651,chr11,0.002348955133771075
652,652,chr11,0.005508785958939484
653,653,chr11,0.006156453849570867
654,654,chr11,0.004657022283040629
655,655,chr11,0.005684018296583787
656,656,chr11,0.006866817211725889
657,657,chr11,0.0074321935101727896
658,658,chr11,0.00961189412971108
659,659,chr11,0.009554800063296483
660,660,chr11,0.004985945472748188
661,661,chr11,0.0011697528381593738
662,662,chr11,0.0
663,663,chr11,-2.4751993606586034e-05
664,664,chr11,-0.0018883495529781666
665,665,chr11,-0.00591293524074013
666,666,chr11,-0.009598188441000242
667,667,chr11,-0.01218464257068999
668,668,chr11,-0.01420133544002193
669,669,chr11,-0.014338065260274585
670,670,chr11,-0.010298868960375147
671,671,chr11,-0.004926539651681052
672,672,chr11,-0.0022952512583404054
673,673,chr11,-0.0026963040284216713
674,674,chr11,-0.0036901414065946742
675,675,chr11,-0.00505054178269238
676,676,chr11,-0.00870426476414996
677,677,chr11,-0.014604339104212192
678,678,chr11,-0.01545964404322502
679,679,chr11,-0.015811756871382074
680,680,chr11,-0.016322592753896786
681,681,chr11,-0.012676546124446346
682,682,chr11,-0.007286831175569938
683,683,chr11,-0.0050995787919798485
684,684,chr11,-0.004345527886688232
685,685,chr11,-0.002699815897577476
686,686,chr11,-0.0018877285362438067
687,687,chr11,-0.0021335302473961385
688,688,chr11,-0.002278261533427444
689,689,chr11,-0.0019152097044845152
690,690,chr11,-0.001983808618649562
691,691,chr11,-0.0034503352936126916
692,692,chr11,-0.005682204608435785
693,693,chr11,-0.009295326192648935
694,694,chr11,-0.01305886995149213
695,695,chr11,-0.015686937682265496
696,696,chr11,-0.016331244594763098
697,697,chr11,-0.016331254807257316
698,698,chr11,-0.016681507939648475
699,699,chr11,-0.016921564567023973
700,700,chr11,-0.0176247068307582
701,701,chr11,-0.016183484241976562
702,702,chr11,-0.014252145822813617
703,703,chr11,-0.011717787045990758
704,704,chr11,-0.010998828323055352
705,705,chr11,-0.010354121896303243
706,706,chr11,-0.011057503879265436
707,707,chr11,-0.009469979418729171
708,708,chr11,-0.0074480583055499105
709,709,chr11,-0.004551241610487197
710,710,chr11,-0.0014906020782564906
711,711,chr11,-0.0005261246093643969
712,712,chr11,-0.0013710945950556838
713,713,chr12,-0.0020270800058762913
714,714,chr12,-0.005395586561151871
715,715,chr12,-0.010290267803699283
716,716,chr12,-0.013164881215761301
717,717,chr12,-0.0023859560221065742
718,718,chr12,0.0
719,719,chr12,0.0008561157265205719
720,720,chr12,0.01233140639357111
721,721,chr12,0.018468133562016417
722,722,chr12,0.014057393200044501
723,723,chr12,0.005146257483191842
724,724,chr12,8.074157743431757e-05
725,725,chr12,-0.0006877954797578054
726,726,chr12,-0.0004954860955119058
727,727,chr12,0.0
728,728,chr12,0.0
729,729,chr12,0.0
730,730,chr12,0.0
731,731,chr12,0.0
732,732,chr12,0.0
733,733,chr12,0.0
734,734,chr12,-2.4721188438028866e-05
735,735,chr12,-2.9876235543212264e-05
736,736,chr12,0.0003028769428354781
737,737,chr12,9.712606677779586e-05
738,738,chr12,-2.813833326680875e-05
739,739,chr12,-2.489587096610495e-05
740,740,chr12,0.0
741,741,chr12,-2.5771956045743855e-05
742,742,chr12,-5.335229958270861e-05
743,743,chr12,-0.00012775110883716644
744,744,chr12,-0.0003256205670884009
745,745,chr12,-0.00026818499461983005
746,746,chr12,-0.00018666322264534996
747,747,chr12,-0.0001631801755939417
748,748,chr12,-0.00011021847300509045
749,749,chr12,2.56739131943435e-05
750,750,chr12,5.4451420241880436e-05
751,751,chr12,5.552490866332186e-05
752,752,chr12,8.23792075412162e-05
753,753,chr12,2.9354517904770326e-05
754,754,chr12,0.0
755,755,chr12,0.0
756,756,chr12,0.0
757,757,chr12,-7.592329023471705e-05
758,758,chr12,-0.0060761842116902505
759,759,chr12,-0.013651565775767073
760,760,chr12,-0.019026616529060625
761,761,chr12,-0.024144711913472956
762,762,chr12,-0.025578366177237653
763,763,chr12,-0.020802108067641805
764,764,chr12,-0.013778231430799863
765,765,chr12,-0.002320278933163498
766,766,chr12,-0.000186171322998158
767,767,chr12,0.0
768,768,chr12,8.173738529718324e-05
769,769,chr12,0.0006361020521348523
770,770,chr12,0.003199821090358822
771,771,chr12,0.004021542891089377
772,772,chr12,0.0021942615157779293
773,773,chr12,0.00031414184845214864
774,774,chr12,0.0
775,775,chr12,0.0
776,776,chr12,-2.4897157302747673e-05
777,777,chr13,0.0024910763094188678
778,778,chr13,0.0010118968356114413
779,779,chr13,0.00010952629757850063
780,780,chr13,-0.0002907440651653226
781,781,chr13,-0.00040239800146396604
782,782,chr13,0.00022189280882358575
783,783,chr13,0.003836229575607505
784,784,chr13,0.010388636501456596
785,785,chr13,0.017312800411991895
786,786,chr13,0.023753853596259315
787,787,chr13,0.022606756729720835
788,788,chr13,0.01768080732755095
789,789,chr13,0.010244441860532498
790,790,chr13,0.002743107460107138
791,791,chr14,-0.002582782660549477
792,792,chr14,-0.0019614874674388364
793,793,chr14,-0.0018225549081377164
794,794,chr14,-0.0025942844829934955
795,795,chr14,-0.0040734492027371585
796,796,chr14,-0.007926431388931324
797,797,chr14,-0.012067159752917249
798,798,chr14,-0.01412332361570007
799,799,chr14,-0.014982575278717911
800,800,chr14,-0.015782211904316786
801,801,chr14,-0.012703341915807215
802,802,chr14,-0.009519502642057932
803,803,chr14,-0.007880013745765012
804,804,chr14,-0.0076287527348733305
805,805,chr14,-0.006708416069450018
806,806,chr14,-0.005590418318491361
807,807,chr14,-0.004316572050685829
808,808,chr14,-0.0031975022962228462
809,809,chr14,-0.0022774601376964886
810,810,chr14,-0.0020470445751923057
811,811,chr14,-0.0023697227990217584
812,812,chr14,-0.003557167623672267
813,813,chr14,-0.006685004843798885
814,814,chr14,-0.010392683235713714
815,815,chr14,-0.011977072907587613
816,816,chr14,-0.009697877756654509
817,817,chr14,-0.008059978066576512
818,818,chr14,-0.0065338042579674675
819,819,chr14,-0.006670045586374828
820,820,chr14,-0.007594683721141728
821,821,chr14,-0.008606848946400838
822,822,chr14,-0.00813396821453187
823,823,chr14,-0.008086405593332482
824,824,chr14,-0.009266860960066264
825,825,chr14,-0.011159000592152789
826,826,chr14,-0.010428521065854825
827,827,chr14,-0.009590043795452183
828,828,chr15,0.002451042375850461
829,829,chr15,0.003773793932051433
830,830,chr15,0.003455746395426715
831,831,chr15,0.004154232773349603
832,832,chr15,0.005779529384683376
833,833,chr15,0.007947435688996913
834,834,chr15,0.010923987209827865
835,835,chr15,0.014675408979352355
836,836,chr15,0.010973476979398818
837,837,chr15,0.004228594445531712
838,838,chr15,-0.00021826526891892788
839,839,chr15,-0.0013631566689195115
840,840,chr15,-0.0016124259715318747
841,841,chr15,-0.000493463930447604
842,842,chr15,-4.5025673254245394e-05
843,843,chr15,0.00016781141783504358
844,844,chr15,-7.548589837909029e-05
845,845,chr15,-5.001975178920284e-05
846,846,chr15,-2.5111333665432002e-05
847,847,chr15,-0.0001496665036578313
848,848,chr15,-0.00028051732004493856
849,849,chr15,-0.00015024273952979496
850,850,chr15,-5.127768037382347e-05
851,851,chr15,-5.4840224222060424e-05
852,852,chr15,-8.198693234550342e-05
853,853,chr15,-0.00012900715190331116
854,854,chr15,-5.083890811802523e-05
855,855,chr15,0.0
856,856,chr15,0.0
857,857,chr15,-0.00020450270072621117
858,858,chr15,-0.0009812034416432527
859,859,chr15,-0.0022521534150436355
860,860,chr15,-0.004252766205307266
861,861,chr15,-0.002680288249582806
862,862,chr16,0.003293756571908741
863,863,chr16,0.003875623217226644
864,864,chr16,0.0031214763740672826
865,865,chr16,0.002535580267594165
866,866,chr16,0.002221545187327315
867,867,chr16,0.0029287272124789675
868,868,chr16,0.0011982514748808207
869,869,chr16,0.0004728829928249806
870,870,chr16,0.00011699711059080087
871,871,chr16,3.326343923219138e-05
872,872,chr16,5.6435532578099844e-05
873,873,chr16,0.0
874,874,chr16,0.0
875,875,chr16,0.0
876,876,chr16,0.0
877,877,chr16,5.279872979046173e-05
878,878,chr16,5.7425829039223325e-05
879,879,chr16,0.0005166353503596867
880,880,chr16,0.0005795158125796424
881,881,chr16,0.0005793599039027069
882,882,chr16,0.0011598144247522992
883,883,chr16,0.0012101154193712702
884,884,chr16,0.0005165233820625874
885,885,chr16,0.0002634327379669785
886,886,chr16,7.502064068228172e-05
887,887,chr16,0.0
888,888,chr16,2.629819654599636e-05
889,889,chr16,2.5237260949413657e-05
890,890,chr16,-2.7487102901173066e-05
891,891,chr16,-0.00013116279679464157
892,892,chr16,-0.00015479382649780836
893,893,chr16,-7.63759083980411e-05
894,894,chr16,-2.7226452390344132e-05
895,895,chr16,0.0
896,896,chr16,0.00013728498252013992
897,897,chr16,0.001909106540904012
898,898,chr16,0.00919866124642836
899,899,chr16,0.018304741685329202
900,900,chr16,0.025244180502987778
901,901,chr16,0.0252391597991389
902,902,chr16,0.022285707336711827
903,903,chr16,0.019428596756263638
904,904,chr16,0.018049847621676145
905,905,chr16,0.013476972033958878
906,906,chr16,0.005540869217674954
907,907,chr16,0.002408133374294169
908,908,chr16,0.0010068511685573033
909,909,chr16,0.00018129430418628085
910,910,chr16,0.0
911,911,chr16,0.0
912,912,chr16,0.0
913,913,chr16,-2.5162959879384196e-05
914,914,chr16,-2.3227229312965795e-05
915,915,chr17,0.00546748043146182
916,916,chr17,0.0033607482225783978
917,917,chr17,0.001987980272678875
918,918,chr17,0.0010510634712728117
919,919,chr17,0.0004381735484175031
920,920,chr17,0.00017285346037559284
921,921,chr17,7.424634043284605e-05
922,922,chr17,0.0
923,923,chr17,0.0
924,924,chr17,0.0
925,925,chr17,0.0
926,926,chr17,0.0
927,927,chr17,0.0
928,928,chr17,0.0
929,929,chr17,8.19515236009685e-05
930,930,chr17,0.00019244712376047853
931,931,chr17,0.00022425622167425953
932,932,chr17,0.00011295534333460659
933,933,chr17,3.094150553753608e-05
934,934,chr17,2.528634608240201e-05
935,935,chr17,0.0
936,936,chr17,0.0
937,937,chr17,0.0
938,938,chr17,-2.4959876293854563e-05
939,939,chr17,0.0
940,940,chr17,-2.5444786735478148e-05
941,941,chr17,-5.025631924790441e-05
942,942,chr17,-0.00020336033053123376
943,943,chr17,0.0
944,944,chr17,0.0005287370320395812
945,945,chr17,0.00532328613072485
946,946,chr17,0.01576972545004473
947,947,chr17,0.02871468013766507
948,948,chr17,0.03068979993778547
949,949,chr17,0.027994457090698043
950,950,chr17,0.022424503383569563
951,951,chr17,0.01735175918602
952,952,chr17,0.008557602386515704
953,953,chr17,0.0019557194597338606
954,954,chr17,0.00021279636600823843
955,955,chr17,0.0010402047250467432
956,956,chr17,0.0010795157023063937
957,957,chr17,0.0006859874827820111
958,958,chr17,0.00023531543864334397
959,959,chr17,0.0003218788528975843
960,960,chr17,0.0009989763266290547
961,961,chr17,0.0043519700219524
962,962,chr17,0.011629530318590035
963,963,chr17,0.013773306509434822
964,964,chr17,0.008814617987303958
965,965,chr17,0.006250155226906481
966,966,chr17,0.004017982700541777
967,967,chr17,0.002573775534425358
968,968,chr17,0.0028826734320970995
969,969,chr17,0.005065928061795798
970,970,chr17,0.004633631561002107
971,971,chr17,0.000540350142120125
972,972,chr17,-0.0018940296229787927
973,973,chr17,-0.0080409362030412
974,974,chr17,-0.016421804803721497
975,975,chr17,-0.01811904709344922
976,976,chr17,-0.009089442374264275
977,977,chr17,-0.0006285754763543253
978,978,chr17,0.0
979,979,chr17,0.0
980,980,chr17,0.00015117498262071593
981,981,chr17,0.004055981063708593
982,982,chr17,0.006309995404192258
983,983,chr17,0.005053084790603417
984,984,chr17,0.0009547799112908252
985,985,chr17,0.0
986,986,chr17,0.0
987,987,chr17,2.468748722912652e-05
988,988,chr17,-0.0001140010565083343
989,989,chr18,-0.001139309919929163
990,990,chr18,-0.0002932261792531069
991,991,chr18,-0.0002098589792053532
992,992,chr18,-5.8827932808172594e-05
993,993,chr18,-0.00010898247813838173
994,994,chr18,-0.00021693259458001917
995,995,chr18,-0.0012437989262586216
996,996,chr18,-0.0027782951412381614
997,997,chr18,-0.006526632725243411
998,998,chr18,-0.009467378142672627
999,999,chr19,0.012506857805414459
1000,1000,chr19,0.019022009348484727
1001,1001,chr19,0.023479254802295943
1002,1002,chr19,0.02644867104136528
1003,1003,chr19,0.029341619775438036
1004,1004,chr19,0.029233475433047405
1005,1005,chr19,0.02402615933332647
1006,1006,chr19,0.02029630190201676
1007,1007,chr19,0.01960196413144226
1008,1008,chr19,0.014700283735544559
1009,1009,chr19,0.007344039442959552
1010,1010,chr19,0.004157841578662106
1011,1011,chr19,0.0011074126125680166
1012,1012,chr19,-0.00010782177163351285
1013,1013,chr19,-0.00039710251300060785
1014,1014,chr19,-0.000318624114443403
1015,1015,chr19,-2.6060698284686436e-05
1016,1016,chr19,0.00047507313330112454
1017,1017,chr19,0.0011392510076602329
1018,1018,chr19,0.001410425070280634
1019,1019,chr19,0.000984968772877225
1020,1020,chr19,0.0012976141230573613
1021,1021,chr19,0.0019398793390206298
1022,1022,chr19,0.005374920947623795
1023,1023,chr19,0.0157766906663512
1024,1024,chr19,0.024468708934079632
1025,1025,chr19,0.02744774623874148
1026,1026,chr19,0.027812698178089536
1027,1027,chr19,0.021410765945086754
1028,1028,chr19,0.00946536448636828
1029,1029,chr19,0.0014938125820687608
1030,1030,chr19,0.0005711893794755784
1031,1031,chr19,0.0004578479778733373
1032,1032,chr19,0.002246652589663315
1033,1033,chr19,0.004820305698192784
1034,1034,chr19,0.004754954242176207
1035,1035,chr19,0.0017164197935626473
1036,1036,chr19,0.00033050647526852684
1037,1037,chr19,0.00024749176408712063
1038,1038,chr19,7.541329778493952e-05
1039,1039,chr19,0.00044694489237912877
1040,1040,chr19,0.006066413100148047
1041,1041,chr19,0.012747595208762886
1042,1042,chr19,0.013302042863456051
1043,1043,chr19,0.013775458934364507
1044,1044,chr19,0.008976777169451073
1045,1045,chr19,0.004244851872255533
1046,1046,chr19,0.001051365412762674
1047,1047,chr19,0.0005340946496039516
1048,1048,chr19,0.0006400614772988697
1049,1049,chr19,0.004635910413064858
1050,1050,chr19,0.010442013751945497
1051,1051,chr19,0.01281712500524086
1052,1052,chr19,0.009013566552175913
1053,1053,chr19,0.009884760846283902
1054,1054,chr19,0.009903352504285149
1055,1055,chr19,0.012241928665130365
1056,1056,chr19,0.01840919140948648
1057,1057,chr19,0.027672488241612964
1058,1058,chr19,0.02891075661553742
1059,1059,chr19,0.028508413206978868
1060,1060,chr19,0.02301660079457533
1061,1061,chr19,0.014819982341458154
1062,1062,chr19,0.0060609789852440876
1063,1063,chr19,0.001578141236255717
1064,1064,chr19,0.0003793974842505888
1065,1065,chr19,0.00023417185069679432
1066,1066,chr19,0.0003511278079522751
1067,1067,chr19,0.0007070481764564042
1068,1068,chr19,0.0012472598183764063
1069,1069,chr19,0.002488899027216981
1070,1070,chr19,0.006078919347218202
1071,1071,chr19,0.009229278412350968
1072,1072,chr19,0.008287996693898245
1073,1073,chr19,0.008573661439384836
1074,1074,chr19,0.008626321881412895
1075,1075,chr19,0.007332541328309445
1076,1076,chr19,0.004570131129156829
1077,1077,chr19,0.0010022588316539035
1078,1078,chr19,0.0
1079,1079,chr19,0.0
1080,1080,chr19,0.0
1081,1081,chr19,0.0
1082,1082,chr19,-0.00020013881737598134
1083,1083,chr19,-9.843865636920955e-05
1084,1084,chr19,4.878943668501171e-05
1085,1085,chr19,0.0021566425384584747
1086,1086,chr19,0.003940622778214531
1087,1087,chr19,0.004934667912679415
1088,1088,chr19,0.0028129956299211972
1089,1089,chr19,0.0
1090,1090,chr20,-0.003576809308046064
1091,1091,chr20,-0.0014546893996261088
1092,1092,chr20,-0.0003713340464278051
1093,1093,chr20,7.783971769207532e-05
1094,1094,chr20,0.0013683193479108926
1095,1095,chr20,0.012748442386915854
1096,1096,chr20,0.028519063926284605
1097,1097,chr20,0.04628931225741987
1098,1098,chr20,0.06170078832338112
1099,1099,chr20,0.07616240683913576
1100,1100,chr20,0.08504511203680924
1101,1101,chr20,0.08865629761724597
1102,1102,chr20,0.08628599846003181
1103,1103,chr20,0.08040229246333438
1104,1104,chr20,0.06984912619028048
1105,1105,chr20,0.061883794511572734
1106,1106,chr20,0.05943846894498144
1107,1107,chr20,0.059770978032555766
1108,1108,chr20,0.06123593723478294
1109,1109,chr20,0.06283839244048159
1110,1110,chr20,0.062253324139351814
1111,1111,chr20,0.055219592464910094
1112,1112,chr20,0.0479316393203167
1113,1113,chr20,0.042820852163495814
1114,1114,chr20,0.04008729843500141
1115,1115,chr20,0.04256740996597633
1116,1116,chr20,0.049335888622139966
1117,1117,chr20,0.06066009809560457
1118,1118,chr20,0.0745648275459779
1119,1119,chr21,5.0164235892863e-05
1120,1120,chr21,0.0053633932963849
1121,1121,chr21,0.014266083307248139
1122,1122,chr21,0.021396053918392447
1123,1123,chr22,-0.007381572105805544
1124,1124,chr22,-0.009493329138563133
1125,1125,chr22,-0.008535468596640823
1126,1126,chr22,-0.006140319979722888
1127,1127,chr22,-0.004420493036237055
1128,1128,chr22,-0.0019508549639295181
1129,1129,chr22,-0.0007393373274199799
1130,1130,chr22,-0.002141290536105857
1131,1131,chr22,-0.0045919396986423625
1132,1132,chr22,-0.010284687830501077
1133,1133,chr22,-0.01547313549131095
1134,1134,chr22,-0.019484999804800597
1135,1135,chr22,-0.018058247342336752
1136,1136,chr22,-0.019314685745133717
1137,1137,chr22,-0.020451538107287004
1138,1138,chr22,-0.02125973421074944
1139,1139,chr22,-0.021405228795139425
1140,1140,chr22,-0.02194741045477918
1141,1141,chr22,-0.020156330909476983
1142,1142,chr22,-0.0170441781342036
1143,1143,chr22,-0.007861868337100819
1144,1144,chr22,-0.0028460635366175492
1145,1145,chr22,-0.0013236978678555856
1146,1146,chr22,-0.0011587954937844107
