chromosome,chr_num,bin_index,truth_value,pred_value,x,truth_label,pred_label,truth,pred
chr1,1,0,0.009107482317209207,0.00444484215454623,0.0,snPATHOseq,CosMx_tumor,0,0
chr1,1,1,0.010061692305617325,0.003625259828316449,1.0,snPATHOseq,CosMx_tumor,0,0
chr1,1,2,0.008054679311012206,0.0031107001998892346,2.0,snPATHOseq,CosMx_tumor,0,0
chr1,1,3,0.0036114946643026617,0.0021030809197979455,3.0,snPATHOseq,CosMx_tumor,0,0
chr1,1,4,0.0019100601775022495,0.0018250584644998933,4.0,snPATHOseq,CosMx_tumor,0,0
chr1,1,5,0.0007796299981457469,0.001956125942153602,5.0,snPATHOseq,CosMx_tumor,0,0
chr1,1,6,0.0004159830622645853,0.001297084555433829,6.0,snPATHOseq,CosMx_tumor,0,0
chr1,1,7,0.0006049398345340109,0.0014323920220486732,7.0,snPATHOseq,CosMx_tumor,0,0
chr1,1,8,0.0017504493920496606,0.0022377102285425065,8.0,snPATHOseq,CosMx_tumor,0,0
chr1,1,9,0.005915983259089166,0.0037474693895367,9.0,snPATHOseq,CosMx_tumor,0,0
chr1,1,10,0.008737750119913956,0.006274035773285712,10.0,snPATHOseq,CosMx_tumor,0,0
chr1,1,11,0.012276120453182696,0.00767177475048331,11.0,snPATHOseq,CosMx_tumor,0,0
chr1,1,12,0.013341280364305408,0.006564385274111648,12.0,snPATHOseq,CosMx_tumor,0,0
chr1,1,13,0.015404414940309665,0.005266431515800797,13.0,snPATHOseq,CosMx_tumor,0,0
chr1,1,14,0.0152429358047349,0.00414046216270865,14.0,snPATHOseq,CosMx_tumor,0,0
chr1,1,15,0.01490829232565097,0.0023760609629546203,15.0,snPATHOseq,CosMx_tumor,0,0
chr1,1,16,0.01379389281408962,0.0024981003214313057,16.0,snPATHOseq,CosMx_tumor,0,0
chr1,1,17,0.010711723308908115,0.0023241406709255926,17.0,snPATHOseq,CosMx_tumor,0,0
chr1,1,18,0.003169941234644533,0.0016397380991275952,18.0,snPATHOseq,CosMx_tumor,0,0
chr1,1,19,0.000459506415397934,0.001016888501321776,19.0,snPATHOseq,CosMx_tumor,0,0
chr1,1,20,0.00043196760856139676,0.000721145207213432,20.0,snPATHOseq,CosMx_tumor,0,0
chr1,1,21,0.0001065843920409333,0.0004172718400576886,21.0,snPATHOseq,CosMx_tumor,0,0
chr1,1,22,-2.8475118201272596e-05,0.00026710742166430177,22.0,snPATHOseq,CosMx_tumor,0,0
chr1,1,23,-2.5360702172299994e-05,0.00026817034454317885,23.0,snPATHOseq,CosMx_tumor,0,0
chr1,1,24,0.0,0.0004722667983628212,24.0,snPATHOseq,CosMx_tumor,0,0
chr1,1,25,0.0,0.0008462912016628678,25.0,snPATHOseq,CosMx_tumor,0,0
chr1,1,26,0.004944997639811546,0.001866354889802527,26.0,snPATHOseq,CosMx_tumor,0,0
chr1,1,27,0.007204587474744903,0.0023326577429520945,27.0,snPATHOseq,CosMx_tumor,0,0
chr1,1,28,0.008762805765618189,0.0018634420044677856,28.0,snPATHOseq,CosMx_tumor,0,0
chr1,1,29,0.005862537905115685,0.0009892575328417554,29.0,snPATHOseq,CosMx_tumor,0,0
chr1,1,30,0.0025438987186377424,0.0005623731924712155,30.0,snPATHOseq,CosMx_tumor,0,0
chr1,1,31,0.00014732332283673416,0.00031165338133507946,31.0,snPATHOseq,CosMx_tumor,0,0
chr1,1,32,0.0,0.00023692233448857633,32.0,snPATHOseq,CosMx_tumor,0,0
chr1,1,33,0.0,0.00021935239129742775,33.0,snPATHOseq,CosMx_tumor,0,0
chr1,1,34,0.0,0.0003173984318238851,34.0,snPATHOseq,CosMx_tumor,0,0
chr1,1,35,0.0,0.0004959805909499517,35.0,snPATHOseq,CosMx_tumor,0,0
chr1,1,36,0.0,0.0006883308823743828,36.0,snPATHOseq,CosMx_tumor,0,0
chr1,1,37,2.520508416596525e-05,0.0010579795334493267,37.0,snPATHOseq,CosMx_tumor,0,0
chr1,1,38,0.0018229911403372088,0.0016296761219759374,38.0,snPATHOseq,CosMx_tumor,0,0
chr1,1,39,0.005343799793862787,0.002599150760948939,39.0,snPATHOseq,CosMx_tumor,0,0
chr1,1,40,0.00973032491871289,0.003507396611285085,40.0,snPATHOseq,CosMx_tumor,0,0
chr1,1,41,0.015201637307353383,0.0035310234553620635,41.0,snPATHOseq,CosMx_tumor,0,0
chr1,1,42,0.01757197054748881,0.0025695986199382086,42.0,snPATHOseq,CosMx_tumor,0,0
chr1,1,43,0.017168844841018154,0.0018833539160881883,43.0,snPATHOseq,CosMx_tumor,0,0
chr1,1,44,0.01531425727570456,0.0010300704613739418,44.0,snPATHOseq,CosMx_tumor,0,0
chr1,1,45,0.01132428755884461,0.0005152128604275671,45.0,snPATHOseq,CosMx_tumor,0,0
chr1,1,46,0.007668300119522044,0.000338284464296122,46.0,snPATHOseq,CosMx_tumor,0,0
chr1,1,47,0.004397403409167547,0.00033827662840491663,47.0,snPATHOseq,CosMx_tumor,0,0
chr1,1,48,0.006674635355710277,0.00038362265932923495,48.0,snPATHOseq,CosMx_tumor,0,0
chr1,1,49,0.012886598285132845,0.0005603414283869746,49.0,snPATHOseq,CosMx_tumor,0,0
chr1,1,50,0.020067166904921812,0.0008218883801123937,50.0,snPATHOseq,CosMx_tumor,0,0
chr1,1,51,0.025355766778640907,0.0009791712847632447,51.0,snPATHOseq,CosMx_tumor,1,0
chr1,1,52,0.026784981077362904,0.0009313412048497792,52.0,snPATHOseq,CosMx_tumor,1,0
chr1,1,53,0.015367304548496235,0.000513082844313109,53.0,snPATHOseq,CosMx_tumor,0,0
chr1,1,54,0.0037368779032017035,0.00023820006511180502,54.0,snPATHOseq,CosMx_tumor,0,0
chr1,1,55,0.00018340107643109708,0.0001301370307977594,55.0,snPATHOseq,CosMx_tumor,0,0
chr1,1,56,2.461343767660699e-05,-2.070587144317398e-05,56.0,snPATHOseq,CosMx_tumor,0,0
chr1,1,57,-2.6422452161241827e-05,-0.00022095290415207334,57.0,snPATHOseq,CosMx_tumor,0,0
chr1,1,58,-4.992521480224658e-05,-0.0004180875807008334,58.0,snPATHOseq,CosMx_tumor,0,0
chr1,1,59,6.926416884093243e-05,-0.0005762527249911733,59.0,snPATHOseq,CosMx_tumor,0,0
chr1,1,60,0.0005426989913816651,-0.0007755877539122835,60.0,snPATHOseq,CosMx_tumor,0,0
chr1,1,61,0.00021650207649183403,-0.0005255406347435253,61.0,snPATHOseq,CosMx_tumor,0,0
chr1,1,62,6.116785328935881e-05,-0.00034757330758307674,62.0,snPATHOseq,CosMx_tumor,0,0
chr1,1,63,-5.2067186246697184e-05,-0.00016762866668886396,63.0,snPATHOseq,CosMx_tumor,0,0
chr1,1,64,-0.00030924494062800894,-0.00012239366970615893,64.0,snPATHOseq,CosMx_tumor,0,0
chr1,1,65,-0.0004539093246235793,-0.000865911902190436,65.0,snPATHOseq,CosMx_tumor,0,0
chr1,1,66,-0.000371221437248201,-0.00857379489898018,66.0,snPATHOseq,CosMx_tumor,0,0
chr1,1,67,9.962658472676532e-05,-0.018386267249650496,67.0,snPATHOseq,CosMx_tumor,0,0
chr1,1,68,-2.4846509060284183e-05,-0.02463935708402227,68.0,snPATHOseq,CosMx_tumor,0,-1
chr1,1,69,7.788078125402966e-05,-0.028224417326918286,69.0,snPATHOseq,CosMx_tumor,0,-1
chr1,1,70,-0.0003828026805905516,-0.02981539064812354,70.0,snPATHOseq,CosMx_tumor,0,-1
chr1,1,71,-0.0004110145958427907,-0.02911850252118038,71.0,snPATHOseq,CosMx_tumor,0,-1
chr1,1,72,-0.00040423765268783173,-0.027193764641647165,72.0,snPATHOseq,CosMx_tumor,0,-1
chr1,1,73,-0.00022701294388841043,-0.02483911539528246,73.0,snPATHOseq,CosMx_tumor,0,-1
chr1,1,74,1.0171885613256029e-05,-0.021250642218587645,74.0,snPATHOseq,CosMx_tumor,0,-1
chr1,1,75,0.001311805992527195,-0.0163711561831203,75.0,snPATHOseq,CosMx_tumor,0,0
chr1,1,76,0.001717242848495887,-0.01104731408001409,76.0,snPATHOseq,CosMx_tumor,0,0
chr1,1,77,8.626890647096592e-05,-0.005066666788960129,77.0,snPATHOseq,CosMx_tumor,0,0
chr1,1,78,-0.002264791117049683,-0.0028979268811320665,78.0,snPATHOseq,CosMx_tumor,0,0
chr1,1,79,-0.001897952455716201,-0.000509501010041749,79.0,snPATHOseq,CosMx_tumor,0,0
chr1,1,80,-0.0011960689763811704,0.00019149224877625313,80.0,snPATHOseq,CosMx_tumor,0,0
chr1,1,81,-7.951744686396236e-05,0.0006644501451100901,81.0,snPATHOseq,CosMx_tumor,0,0
chr1,1,82,0.0030769754123121298,0.0024668780958810865,82.0,snPATHOseq,CosMx_tumor,0,0
chr1,1,83,0.008158251787331807,0.010969672611483775,83.0,snPATHOseq,CosMx_tumor,0,0
chr1,1,84,0.009417588049950748,0.017684091601757063,84.0,snPATHOseq,CosMx_tumor,0,0
chr1,1,85,0.008763121996442878,0.019425513557374353,85.0,snPATHOseq,CosMx_tumor,0,1
chr1,1,86,0.006171848606816574,0.011889845859292161,86.0,snPATHOseq,CosMx_tumor,0,0
chr1,1,87,0.00102755097082028,0.0051306592657554585,87.0,snPATHOseq,CosMx_tumor,0,0
chr1,1,88,5.189242973694198e-05,0.002038455172068807,88.0,snPATHOseq,CosMx_tumor,0,0
chr1,1,89,2.5270890179045406e-05,0.0017940682100549144,89.0,snPATHOseq,CosMx_tumor,0,0
chr1,1,90,0.00015499024516045545,0.003023148959046281,90.0,snPATHOseq,CosMx_tumor,0,0
chr1,1,91,5.4968664309233836e-05,0.0032744728212976974,91.0,snPATHOseq,CosMx_tumor,0,0
chr1,1,92,2.4304327588388507e-05,0.002032407980937628,92.0,snPATHOseq,CosMx_tumor,0,0
chr1,1,93,-2.4392413206055424e-05,0.0008735066340799139,93.0,snPATHOseq,CosMx_tumor,0,0
chr1,1,94,-0.00011095578682707094,0.0003550603755304547,94.0,snPATHOseq,CosMx_tumor,0,0
chr1,1,95,-0.001984120683954132,-0.0002510065257454531,95.0,snPATHOseq,CosMx_tumor,0,0
chr1,1,96,-0.010435977871564922,-0.0008662198248855855,96.0,snPATHOseq,CosMx_tumor,0,0
chr1,1,97,-0.015885360906699755,-0.0015349929190234942,97.0,snPATHOseq,CosMx_tumor,0,0
chr1,1,98,-0.018237603873813575,-0.0030867341269646123,98.0,snPATHOseq,CosMx_tumor,0,0
chr1,1,99,-0.01887842672400681,-0.010047689356225511,99.0,snPATHOseq,CosMx_tumor,0,0
chr1,1,100,-0.01660682700053867,-0.014125548861164435,100.0,snPATHOseq,CosMx_tumor,0,0
chr1,1,101,-0.014789341992488917,-0.014800109402490526,101.0,snPATHOseq,CosMx_tumor,0,0
chr1,1,102,-0.012964362072776948,-0.011411986482370249,102.0,snPATHOseq,CosMx_tumor,0,0
chr1,1,103,-0.010404301441342993,-0.00410093693014532,103.0,snPATHOseq,CosMx_tumor,0,0
chr1,1,104,-0.009120664389051977,-0.0008874113173162338,104.0,snPATHOseq,CosMx_tumor,0,0
chr1,1,105,-0.006646469236617523,-0.00032618654106168163,105.0,snPATHOseq,CosMx_tumor,0,0
chr1,1,106,-0.004397421682875626,-0.00013963523013636988,106.0,snPATHOseq,CosMx_tumor,0,0
chr1,1,107,-0.004465044433481363,-9.271695734396151e-05,107.0,snPATHOseq,CosMx_tumor,0,0
chr1,1,108,-0.005556424781761812,-0.000279320975450993,108.0,snPATHOseq,CosMx_tumor,0,0
chr1,1,109,-0.007471225835728188,-0.0034481144760198576,109.0,snPATHOseq,CosMx_tumor,0,0
chr1,1,110,-0.010365209723856336,-0.014092072737490476,110.0,snPATHOseq,CosMx_tumor,0,0
chr1,1,111,-0.014859455121365484,-0.020340235306721636,111.0,snPATHOseq,CosMx_tumor,0,-1
chr1,1,112,-0.015647579055802757,-0.023341424363259564,112.0,snPATHOseq,CosMx_tumor,0,-1
chr1,1,113,-0.01010572285307454,-0.02118947014619267,113.0,snPATHOseq,CosMx_tumor,0,-1
chr1,1,114,-0.0024463583460584584,-0.009390155077901195,114.0,snPATHOseq,CosMx_tumor,0,0
chr1,1,115,-0.0003963455871224934,-0.001971521176843768,115.0,snPATHOseq,CosMx_tumor,0,0
chr1,1,116,0.0,-0.0004910584158347798,116.0,snPATHOseq,CosMx_tumor,0,0
chr1,1,117,0.0004240851698085638,0.0004384229821582904,117.0,snPATHOseq,CosMx_tumor,0,0
chr1,1,118,0.00039821611378963473,0.0014087097510567907,118.0,snPATHOseq,CosMx_tumor,0,0
chr1,1,119,0.0,0.0013535809150574648,119.0,snPATHOseq,CosMx_tumor,0,0
chr1,1,120,2.436793273297644e-05,0.0013148205845143826,120.0,snPATHOseq,CosMx_tumor,0,0
chr1,1,121,0.000560754517249513,0.0009674344185159158,121.0,snPATHOseq,CosMx_tumor,0,0
chr1,1,122,0.001795644757303626,-0.00021618767619029653,122.0,snPATHOseq,CosMx_tumor,0,0
chr1,1,123,0.004247356392028682,-0.0023733721550371263,123.0,snPATHOseq,CosMx_tumor,0,0
chr1,1,124,0.007395352324670695,-0.0035126186535552914,124.0,snPATHOseq,CosMx_tumor,0,0
chr1,1,125,0.005893206601918449,-0.0016359209913895565,125.0,snPATHOseq,CosMx_tumor,0,0
chr1,1,126,0.0028838700651852584,-0.0005707291106195992,126.0,snPATHOseq,CosMx_tumor,0,0
chr1,1,127,0.0008717480732628167,-0.00037852953349797334,127.0,snPATHOseq,CosMx_tumor,0,0
chr1,1,128,0.0006410222730673506,-0.0005194903339452918,128.0,snPATHOseq,CosMx_tumor,0,0
chr1,1,129,0.0006847386404967281,-0.0007775828189418796,129.0,snPATHOseq,CosMx_tumor,0,0
chr1,1,130,0.0018056384524962623,-0.0008359597623478113,130.0,snPATHOseq,CosMx_tumor,0,0
chr1,1,131,0.004541463776679091,-0.00046189168848103393,131.0,snPATHOseq,CosMx_tumor,0,0
chr1,1,132,0.006518172142907447,-0.00026085222330865564,132.0,snPATHOseq,CosMx_tumor,0,0
chr1,1,133,0.002282064959362493,-7.413253658422867e-05,133.0,snPATHOseq,CosMx_tumor,0,0
chr1,1,134,0.00067775869370264,3.766050685048606e-05,134.0,snPATHOseq,CosMx_tumor,0,0
chr1,1,135,0.00010733744502047047,-6.223826314436278e-05,135.0,snPATHOseq,CosMx_tumor,0,0
chr1,1,136,0.0,-0.0002132178516045006,136.0,snPATHOseq,CosMx_tumor,0,0
chr1,1,137,0.0,-0.00025796349373969713,137.0,snPATHOseq,CosMx_tumor,0,0
chr2,2,138,0.0,0.0014710388609418033,138.0,snPATHOseq,CosMx_tumor,0,0
chr2,2,139,0.0,0.0008025210459272529,139.0,snPATHOseq,CosMx_tumor,0,0
chr2,2,140,0.0,0.0003920173643010251,140.0,snPATHOseq,CosMx_tumor,0,0
chr2,2,141,0.0,0.0003136841941252622,141.0,snPATHOseq,CosMx_tumor,0,0
chr2,2,142,0.0,0.00032431839866971224,142.0,snPATHOseq,CosMx_tumor,0,0
chr2,2,143,0.0,0.0003293798087397723,143.0,snPATHOseq,CosMx_tumor,0,0
chr2,2,144,0.0,0.00027862511830030115,144.0,snPATHOseq,CosMx_tumor,0,0
chr2,2,145,0.0,0.000291634699919215,145.0,snPATHOseq,CosMx_tumor,0,0
chr2,2,146,0.0,0.0003001868833450472,146.0,snPATHOseq,CosMx_tumor,0,0
chr2,2,147,0.0,0.0002770749841642699,147.0,snPATHOseq,CosMx_tumor,0,0
chr2,2,148,0.0,0.0002525195840718489,148.0,snPATHOseq,CosMx_tumor,0,0
chr2,2,149,2.5980842614668664e-05,0.00034705509529139227,149.0,snPATHOseq,CosMx_tumor,0,0
chr2,2,150,0.0003542022281729537,0.0005184181258043262,150.0,snPATHOseq,CosMx_tumor,0,0
chr2,2,151,0.0005370630371070827,0.0007109671222134007,151.0,snPATHOseq,CosMx_tumor,0,0
chr2,2,152,0.0006046432496488352,0.0007890943590161522,152.0,snPATHOseq,CosMx_tumor,0,0
chr2,2,153,0.00028380399182735593,0.0013593430676049063,153.0,snPATHOseq,CosMx_tumor,0,0
chr2,2,154,0.0,0.0009359363452571305,154.0,snPATHOseq,CosMx_tumor,0,0
chr2,2,155,0.0,0.0004260535939565701,155.0,snPATHOseq,CosMx_tumor,0,0
chr2,2,156,0.0,0.0008199993770643377,156.0,snPATHOseq,CosMx_tumor,0,0
chr2,2,157,-0.00012626368435047879,0.0015857188765341604,157.0,snPATHOseq,CosMx_tumor,0,0
chr2,2,158,-0.0002642612450467441,0.0015126045234695761,158.0,snPATHOseq,CosMx_tumor,0,0
chr2,2,159,-0.00015649954203799578,0.0018032544275236775,159.0,snPATHOseq,CosMx_tumor,0,0
chr2,2,160,-0.00015192669280595522,0.0008037880561499443,160.0,snPATHOseq,CosMx_tumor,0,0
chr2,2,161,-0.0004440431805316797,0.0001022518946616441,161.0,snPATHOseq,CosMx_tumor,0,0
chr2,2,162,-0.00028785056948217195,0.00010842206177773767,162.0,snPATHOseq,CosMx_tumor,0,0
chr2,2,163,-0.0002845517796680983,0.00027076238889838726,163.0,snPATHOseq,CosMx_tumor,0,0
chr2,2,164,-0.00026786819318528644,0.0005915928413424231,164.0,snPATHOseq,CosMx_tumor,0,0
chr2,2,165,-0.00024001632156191586,0.0009284739361291663,165.0,snPATHOseq,CosMx_tumor,0,0
chr2,2,166,-0.00010603162520865685,0.001747440483594432,166.0,snPATHOseq,CosMx_tumor,0,0
chr2,2,167,-0.0001287293994622526,0.0025701741102791154,167.0,snPATHOseq,CosMx_tumor,0,0
chr2,2,168,-9.959109132126719e-05,0.001632286434291519,168.0,snPATHOseq,CosMx_tumor,0,0
chr2,2,169,-0.00025730533329694965,0.001178364280294961,169.0,snPATHOseq,CosMx_tumor,0,0
chr2,2,170,-0.0016256563988835833,0.0005523723600760417,170.0,snPATHOseq,CosMx_tumor,0,0
chr2,2,171,-0.001968217334379011,0.00017450764754678872,171.0,snPATHOseq,CosMx_tumor,0,0
chr2,2,172,-0.0014779210938211768,-1.3429632118371159e-05,172.0,snPATHOseq,CosMx_tumor,0,0
chr2,2,173,-0.0008970940558288765,-7.301438279488428e-05,173.0,snPATHOseq,CosMx_tumor,0,0
chr2,2,174,-9.891969300364013e-05,-0.0002916227702043122,174.0,snPATHOseq,CosMx_tumor,0,0
chr2,2,175,-4.989504120175729e-05,-0.0008215226972968466,175.0,snPATHOseq,CosMx_tumor,0,0
chr2,2,176,-2.493472670764789e-05,-0.000989590648301715,176.0,snPATHOseq,CosMx_tumor,0,0
chr2,2,177,0.0,-0.0003814792929856796,177.0,snPATHOseq,CosMx_tumor,0,0
chr2,2,178,0.0,-9.574153312041473e-05,178.0,snPATHOseq,CosMx_tumor,0,0
chr2,2,179,0.00015385140018346,7.297565470139036e-05,179.0,snPATHOseq,CosMx_tumor,0,0
chr2,2,180,0.0005360702769479847,0.00023337605878324944,180.0,snPATHOseq,CosMx_tumor,0,0
chr2,2,181,0.0009943702273010034,0.0004444232175735679,181.0,snPATHOseq,CosMx_tumor,0,0
chr2,2,182,0.0004891374473724499,0.0004054165570912413,182.0,snPATHOseq,CosMx_tumor,0,0
chr2,2,183,0.0,0.00022783045495966734,183.0,snPATHOseq,CosMx_tumor,0,0
chr2,2,184,-2.4499238402888682e-05,6.0644946693779586e-05,184.0,snPATHOseq,CosMx_tumor,0,0
chr2,2,185,-0.008251851385220856,-0.00014315771818869188,185.0,snPATHOseq,CosMx_tumor,0,0
chr2,2,186,-0.017514312067527307,-0.00040143298513860694,186.0,snPATHOseq,CosMx_tumor,0,0
chr2,2,187,-0.018304593723709052,-0.0005126921569055895,187.0,snPATHOseq,CosMx_tumor,0,0
chr2,2,188,-0.016788357276902033,-0.0004795684579266119,188.0,snPATHOseq,CosMx_tumor,0,0
chr2,2,189,-0.013246721816017791,-0.00037985465942178817,189.0,snPATHOseq,CosMx_tumor,0,0
chr2,2,190,-0.007191909303481298,-0.00022079799993528782,190.0,snPATHOseq,CosMx_tumor,0,0
chr2,2,191,-0.00012471895225173326,-7.754522212431516e-05,191.0,snPATHOseq,CosMx_tumor,0,0
chr2,2,192,0.0,3.1595096896553145e-06,192.0,snPATHOseq,CosMx_tumor,0,0
chr2,2,193,0.0,6.480866834888121e-05,193.0,snPATHOseq,CosMx_tumor,0,0
chr2,2,194,0.0,8.70217227615038e-05,194.0,snPATHOseq,CosMx_tumor,0,0
chr2,2,195,0.0,4.106592589111336e-05,195.0,snPATHOseq,CosMx_tumor,0,0
chr2,2,196,-0.0016776974187811852,-8.519586064836055e-05,196.0,snPATHOseq,CosMx_tumor,0,0
chr2,2,197,-0.009192304832080157,-0.00033462022799402697,197.0,snPATHOseq,CosMx_tumor,0,0
chr2,2,198,-0.015495260139734748,-0.0011012651334985548,198.0,snPATHOseq,CosMx_tumor,0,0
chr2,2,199,-0.020136017310493037,-0.0034170656088565224,199.0,snPATHOseq,CosMx_tumor,0,0
chr2,2,200,-0.02262516867183475,-0.0049926741455853085,200.0,snPATHOseq,CosMx_tumor,-1,0
chr2,2,201,-0.021734576457000113,-0.004521530051148767,201.0,snPATHOseq,CosMx_tumor,-1,0
chr2,2,202,-0.018513543966049827,-0.002028341311050084,202.0,snPATHOseq,CosMx_tumor,0,0
chr2,2,203,-0.012881504908263206,-0.0006502106364570706,203.0,snPATHOseq,CosMx_tumor,0,0
chr2,2,204,-0.0068864305422002385,-2.322121726203816e-05,204.0,snPATHOseq,CosMx_tumor,0,0
chr2,2,205,-0.0021214702108030238,6.897921299320501e-05,205.0,snPATHOseq,CosMx_tumor,0,0
chr2,2,206,-0.000847344881457576,7.394299221094557e-05,206.0,snPATHOseq,CosMx_tumor,0,0
chr2,2,207,-0.000202481205504289,1.988147906489317e-05,207.0,snPATHOseq,CosMx_tumor,0,0
chr2,2,208,0.0,-2.2882003300289304e-05,208.0,snPATHOseq,CosMx_tumor,0,0
chr2,2,209,0.0,6.262772366417526e-05,209.0,snPATHOseq,CosMx_tumor,0,0
chr2,2,210,2.4856611548684194e-05,0.0014569427794985873,210.0,snPATHOseq,CosMx_tumor,0,0
chr2,2,211,0.0007346701756383752,0.004619826873552994,211.0,snPATHOseq,CosMx_tumor,0,0
chr2,2,212,0.004629476105064818,0.0017555998111222586,212.0,snPATHOseq,CosMx_tumor,0,0
chr2,2,213,0.010142030911669164,0.0003071154173061284,213.0,snPATHOseq,CosMx_tumor,0,0
chr2,2,214,0.010959367771582504,4.3883372938300114e-05,214.0,snPATHOseq,CosMx_tumor,0,0
chr2,2,215,0.006014186244001699,-0.0002069754734035252,215.0,snPATHOseq,CosMx_tumor,0,0
chr2,2,216,0.0027476303921952256,-0.0002445066099598128,216.0,snPATHOseq,CosMx_tumor,0,0
chr2,2,217,0.0014358679644590276,-7.380898642835749e-05,217.0,snPATHOseq,CosMx_tumor,0,0
chr2,2,218,0.0010313974077636606,3.4165564548735474e-05,218.0,snPATHOseq,CosMx_tumor,0,0
chr2,2,219,0.0010438436501518983,0.00010940931634036567,219.0,snPATHOseq,CosMx_tumor,0,0
chr2,2,220,0.0013339110283083896,0.0002184525858964127,220.0,snPATHOseq,CosMx_tumor,0,0
chr2,2,221,0.0014593055113966014,0.0002448544563238346,221.0,snPATHOseq,CosMx_tumor,0,0
chr2,2,222,0.0018943056577416714,0.00028808184760510864,222.0,snPATHOseq,CosMx_tumor,0,0
chr3,3,223,-0.004474885042016818,-7.776604236013825e-05,223.0,snPATHOseq,CosMx_tumor,0,0
chr3,3,224,-0.00650432272408757,-0.00016797393235896854,224.0,snPATHOseq,CosMx_tumor,0,0
chr3,3,225,-0.008850195242332546,-0.00033391505587365483,225.0,snPATHOseq,CosMx_tumor,0,0
chr3,3,226,-0.010412733152892328,-0.0006416252467482209,226.0,snPATHOseq,CosMx_tumor,0,0
chr3,3,227,-0.010954000226198751,-0.0010540469004983704,227.0,snPATHOseq,CosMx_tumor,0,0
chr3,3,228,-0.009697277579406962,-0.0013325268024684603,228.0,snPATHOseq,CosMx_tumor,0,0
chr3,3,229,-0.00446553825695922,-0.0008780575702139378,229.0,snPATHOseq,CosMx_tumor,0,0
chr3,3,230,-0.00027614344747139784,-0.0004862169382265288,230.0,snPATHOseq,CosMx_tumor,0,0
chr3,3,231,0.0,-0.00031394958171852307,231.0,snPATHOseq,CosMx_tumor,0,0
chr3,3,232,0.0,-0.00011800700145545067,232.0,snPATHOseq,CosMx_tumor,0,0
chr3,3,233,0.0,3.57764079255617e-05,233.0,snPATHOseq,CosMx_tumor,0,0
chr3,3,234,0.0,8.919213629597224e-05,234.0,snPATHOseq,CosMx_tumor,0,0
chr3,3,235,0.0,0.00018657354834595953,235.0,snPATHOseq,CosMx_tumor,0,0
chr3,3,236,2.5046767186763686e-05,0.0003257346838026255,236.0,snPATHOseq,CosMx_tumor,0,0
chr3,3,237,0.00010620934012865561,0.0003351594469699725,237.0,snPATHOseq,CosMx_tumor,0,0
chr3,3,238,0.0008879842476624448,0.00042577384696473045,238.0,snPATHOseq,CosMx_tumor,0,0
chr3,3,239,0.005943785944895921,0.0006049390322788409,239.0,snPATHOseq,CosMx_tumor,0,0
chr3,3,240,0.011869085269820594,0.0005970002180530599,240.0,snPATHOseq,CosMx_tumor,0,0
chr3,3,241,0.010091076638101997,0.0005103699310902931,241.0,snPATHOseq,CosMx_tumor,0,0
chr3,3,242,0.0074421615332126555,0.0004815991557826578,242.0,snPATHOseq,CosMx_tumor,0,0
chr3,3,243,0.0040213298738606676,-4.9664291395740746e-05,243.0,snPATHOseq,CosMx_tumor,0,0
chr3,3,244,0.0004483085542664239,-0.0021668337374400703,244.0,snPATHOseq,CosMx_tumor,0,0
chr3,3,245,0.0,-0.004085241981988264,245.0,snPATHOseq,CosMx_tumor,0,0
chr3,3,246,0.0,-0.0022217813811870597,246.0,snPATHOseq,CosMx_tumor,0,0
chr3,3,247,-2.5178288815176963e-05,-0.0008953986302351775,247.0,snPATHOseq,CosMx_tumor,0,0
chr3,3,248,-0.00012547298336750346,2.0064216038082283e-05,248.0,snPATHOseq,CosMx_tumor,0,0
chr3,3,249,0.0005779866962721673,0.0002446240332580783,249.0,snPATHOseq,CosMx_tumor,0,0
chr3,3,250,0.0016753355532832658,0.0003917797600939768,250.0,snPATHOseq,CosMx_tumor,0,0
chr3,3,251,0.0001300211872898813,0.0003483008760571416,251.0,snPATHOseq,CosMx_tumor,0,0
chr3,3,252,5.18848627981893e-05,0.0003510757868209086,252.0,snPATHOseq,CosMx_tumor,0,0
chr3,3,253,0.0,0.00019734411422811412,253.0,snPATHOseq,CosMx_tumor,0,0
chr3,3,254,0.0,8.129490094487281e-05,254.0,snPATHOseq,CosMx_tumor,0,0
chr3,3,255,0.0,-5.8797017548196775e-05,255.0,snPATHOseq,CosMx_tumor,0,0
chr3,3,256,0.0,-0.000246210029810833,256.0,snPATHOseq,CosMx_tumor,0,0
chr3,3,257,-2.439827187239999e-05,-0.0006696592687347142,257.0,snPATHOseq,CosMx_tumor,0,0
chr3,3,258,-0.0002050439528164431,-0.0011788548289398107,258.0,snPATHOseq,CosMx_tumor,0,0
chr3,3,259,-0.00015964952523659536,-0.0016461737963770254,259.0,snPATHOseq,CosMx_tumor,0,0
chr3,3,260,-0.00016659476490307748,-0.002506151919162348,260.0,snPATHOseq,CosMx_tumor,0,0
chr3,3,261,-3.850479663127247e-05,-0.003638710133197716,261.0,snPATHOseq,CosMx_tumor,0,0
chr3,3,262,5.550873192419201e-05,-0.004736182666022996,262.0,snPATHOseq,CosMx_tumor,0,0
chr3,3,263,-2.4242012960491722e-05,-0.005179236103822461,263.0,snPATHOseq,CosMx_tumor,0,0
chr3,3,264,0.0,-0.004884121545411675,264.0,snPATHOseq,CosMx_tumor,0,0
chr3,3,265,0.0,-0.002982426093444139,265.0,snPATHOseq,CosMx_tumor,0,0
chr3,3,266,0.0,-0.0016804477712744788,266.0,snPATHOseq,CosMx_tumor,0,0
chr3,3,267,7.734131781820566e-05,-0.0007455808750840701,267.0,snPATHOseq,CosMx_tumor,0,0
chr3,3,268,0.00040477395424965985,-0.00034957133517405894,268.0,snPATHOseq,CosMx_tumor,0,0
chr3,3,269,0.0005224583230775259,-6.699395517402734e-05,269.0,snPATHOseq,CosMx_tumor,0,0
chr3,3,270,0.0001964300600917052,9.528565863417952e-05,270.0,snPATHOseq,CosMx_tumor,0,0
chr3,3,271,-2.4521572279112412e-05,0.00023669736053552707,271.0,snPATHOseq,CosMx_tumor,0,0
chr3,3,272,-7.700511606768006e-05,0.00022198764611161366,272.0,snPATHOseq,CosMx_tumor,0,0
chr3,3,273,-0.00016565148656125798,0.00029930584731190725,273.0,snPATHOseq,CosMx_tumor,0,0
chr3,3,274,-0.0005720254177653281,0.00027047440726846276,274.0,snPATHOseq,CosMx_tumor,0,0
chr3,3,275,-0.0012431642590778219,9.885065070287096e-05,275.0,snPATHOseq,CosMx_tumor,0,0
chr3,3,276,-0.0009340047305010298,6.490633675120495e-06,276.0,snPATHOseq,CosMx_tumor,0,0
chr3,3,277,-0.000544785306588609,-7.00383814864172e-05,277.0,snPATHOseq,CosMx_tumor,0,0
chr3,3,278,-0.00044715539273109414,-0.0002979786683141627,278.0,snPATHOseq,CosMx_tumor,0,0
chr3,3,279,-0.00045939790912162017,-0.0007550990013825788,279.0,snPATHOseq,CosMx_tumor,0,0
chr3,3,280,-0.00023468124271634676,-0.0008636058177436701,280.0,snPATHOseq,CosMx_tumor,0,0
chr3,3,281,-0.00010033064325831641,-0.0008185501810680454,281.0,snPATHOseq,CosMx_tumor,0,0
chr3,3,282,-2.514091939826901e-05,-0.0005220800190030103,282.0,snPATHOseq,CosMx_tumor,0,0
chr3,3,283,0.00018351896021854639,-0.00016032719617089874,283.0,snPATHOseq,CosMx_tumor,0,0
chr3,3,284,0.0016272625315139045,-2.6159560872505744e-06,284.0,snPATHOseq,CosMx_tumor,0,0
chr3,3,285,0.0028898322415559867,0.00010147308574020222,285.0,snPATHOseq,CosMx_tumor,0,0
chr3,3,286,0.0029605510728160675,0.00021475400086461423,286.0,snPATHOseq,CosMx_tumor,0,0
chr3,3,287,0.002139366926238994,0.00024710921626726394,287.0,snPATHOseq,CosMx_tumor,0,0
chr3,3,288,0.0015805794832998326,0.00022487131958516323,288.0,snPATHOseq,CosMx_tumor,0,0
chr3,3,289,0.0007982962734550306,0.00028077560886006917,289.0,snPATHOseq,CosMx_tumor,0,0
chr3,3,290,0.0020803241122939065,0.0003319270675939267,290.0,snPATHOseq,CosMx_tumor,0,0
chr3,3,291,0.006530012868908849,0.0004079387534633233,291.0,snPATHOseq,CosMx_tumor,0,0
chr3,3,292,0.009238137817564869,0.0003960321492638655,292.0,snPATHOseq,CosMx_tumor,0,0
chr3,3,293,0.007906143086583868,0.0003162514897184907,293.0,snPATHOseq,CosMx_tumor,0,0
chr4,4,294,0.0020800935929447093,0.03186686921245643,294.0,snPATHOseq,CosMx_tumor,0,1
chr4,4,295,0.003979194173595504,0.027381921149032085,295.0,snPATHOseq,CosMx_tumor,0,1
chr4,4,296,0.003362867980914749,0.01747715200495503,296.0,snPATHOseq,CosMx_tumor,0,0
chr4,4,297,0.002310303308552271,0.007389763111105608,297.0,snPATHOseq,CosMx_tumor,0,0
chr4,4,298,0.0032409719627045233,0.002752980215527926,298.0,snPATHOseq,CosMx_tumor,0,0
chr4,4,299,0.005315500001336955,0.0017039344359261069,299.0,snPATHOseq,CosMx_tumor,0,0
chr4,4,300,0.0034960747106241095,0.000769142028615648,300.0,snPATHOseq,CosMx_tumor,0,0
chr4,4,301,0.00202319764564837,0.00042706602034230687,301.0,snPATHOseq,CosMx_tumor,0,0
chr4,4,302,0.0035439435814600866,0.000801772386137446,302.0,snPATHOseq,CosMx_tumor,0,0
chr4,4,303,0.005388923537491166,0.0011906292705791844,303.0,snPATHOseq,CosMx_tumor,0,0
chr4,4,304,0.004615555868546516,0.0007460975536640779,304.0,snPATHOseq,CosMx_tumor,0,0
chr4,4,305,0.0033459876148750835,0.0002542905800048524,305.0,snPATHOseq,CosMx_tumor,0,0
chr4,4,306,0.0023183747002176545,9.608527881903246e-06,306.0,snPATHOseq,CosMx_tumor,0,0
chr4,4,307,0.00032432233685025623,-0.0003165725521846135,307.0,snPATHOseq,CosMx_tumor,0,0
chr4,4,308,0.00012770052267649113,-0.0004337888578415753,308.0,snPATHOseq,CosMx_tumor,0,0
chr4,4,309,0.0008581492645140146,-0.00032071088236136815,309.0,snPATHOseq,CosMx_tumor,0,0
chr4,4,310,0.006737725738330295,0.000665083799984366,310.0,snPATHOseq,CosMx_tumor,0,0
chr4,4,311,0.013141779393558175,0.004545224179470177,311.0,snPATHOseq,CosMx_tumor,0,0
chr4,4,312,0.020655317316976594,0.018656080653752894,312.0,snPATHOseq,CosMx_tumor,1,1
chr4,4,313,0.017018943197065678,0.017155621410020933,313.0,snPATHOseq,CosMx_tumor,0,0
chr4,4,314,0.010721028260237854,0.010314207470553371,314.0,snPATHOseq,CosMx_tumor,0,0
chr4,4,315,0.0033024535918631187,0.004259853765057724,315.0,snPATHOseq,CosMx_tumor,0,0
chr4,4,316,0.0001538055727123543,0.0009531673506798089,316.0,snPATHOseq,CosMx_tumor,0,0
chr4,4,317,-0.0001329282933303933,-3.559051346583616e-05,317.0,snPATHOseq,CosMx_tumor,0,0
chr4,4,318,-0.0006564915447893997,-0.00033780188061880573,318.0,snPATHOseq,CosMx_tumor,0,0
chr4,4,319,-0.0003134091826131296,-0.0003983430166006339,319.0,snPATHOseq,CosMx_tumor,0,0
chr4,4,320,0.0,-0.00035890577201135065,320.0,snPATHOseq,CosMx_tumor,0,0
chr4,4,321,0.0,-0.00012311086508520945,321.0,snPATHOseq,CosMx_tumor,0,0
chr4,4,322,0.0,0.0008444843535069541,322.0,snPATHOseq,CosMx_tumor,0,0
chr4,4,323,0.00013138563348895173,0.0013155077300835002,323.0,snPATHOseq,CosMx_tumor,0,0
chr4,4,324,0.0009143485701480153,0.0012965242735975598,324.0,snPATHOseq,CosMx_tumor,0,0
chr4,4,325,0.0012327305088668924,0.0003426311259983189,325.0,snPATHOseq,CosMx_tumor,0,0
chr4,4,326,0.0007710975448900333,-0.0003836604400127741,326.0,snPATHOseq,CosMx_tumor,0,0
chr4,4,327,0.00010643847437840783,-0.0007081400707020044,327.0,snPATHOseq,CosMx_tumor,0,0
chr4,4,328,0.0,-0.000996086159860358,328.0,snPATHOseq,CosMx_tumor,0,0
chr4,4,329,0.0,-0.0010557131820333326,329.0,snPATHOseq,CosMx_tumor,0,0
chr4,4,330,0.0,-0.0007302207968798938,330.0,snPATHOseq,CosMx_tumor,0,0
chr4,4,331,0.0,-0.0003227711193760948,331.0,snPATHOseq,CosMx_tumor,0,0
chr4,4,332,0.0,-9.426842131458305e-05,332.0,snPATHOseq,CosMx_tumor,0,0
chr4,4,333,5.7191088169080694e-05,1.8056287120948065e-05,333.0,snPATHOseq,CosMx_tumor,0,0
chr4,4,334,0.0015322360704702984,0.0001130517758536406,334.0,snPATHOseq,CosMx_tumor,0,0
chr4,4,335,0.001599160083330777,0.00011035209960646678,335.0,snPATHOseq,CosMx_tumor,0,0
chr4,4,336,0.0005909692280554909,-3.0540940814128116e-05,336.0,snPATHOseq,CosMx_tumor,0,0
chr4,4,337,0.00013101380801060466,-0.00017819295452255684,337.0,snPATHOseq,CosMx_tumor,0,0
chr4,4,338,0.0,-0.0005923015443206751,338.0,snPATHOseq,CosMx_tumor,0,0
chr5,5,339,0.0,0.0018341628141983323,339.0,snPATHOseq,CosMx_tumor,0,0
chr5,5,340,-0.0001768744674434128,-0.00012444667229731413,340.0,snPATHOseq,CosMx_tumor,0,0
chr5,5,341,-0.00015254032626556217,-0.0005903972159979416,341.0,snPATHOseq,CosMx_tumor,0,0
chr5,5,342,-7.90562262073167e-05,-0.0009514805602582993,342.0,snPATHOseq,CosMx_tumor,0,0
chr5,5,343,-2.574728692461527e-05,-0.000891049934523469,343.0,snPATHOseq,CosMx_tumor,0,0
chr5,5,344,-2.5497856704147364e-05,-0.0005796066606127691,344.0,snPATHOseq,CosMx_tumor,0,0
chr5,5,345,-2.7442461690655236e-05,-0.0003673647987944898,345.0,snPATHOseq,CosMx_tumor,0,0
chr5,5,346,0.0,-0.00019583058441711282,346.0,snPATHOseq,CosMx_tumor,0,0
chr5,5,347,0.0,-8.273877184394587e-05,347.0,snPATHOseq,CosMx_tumor,0,0
chr5,5,348,0.0,-2.3850042795897445e-05,348.0,snPATHOseq,CosMx_tumor,0,0
chr5,5,349,0.0002402282234909775,6.001051184051681e-06,349.0,snPATHOseq,CosMx_tumor,0,0
chr5,5,350,0.0008842635769285082,1.8523943451883754e-05,350.0,snPATHOseq,CosMx_tumor,0,0
chr5,5,351,0.0013637682386416121,6.1866959842532606e-06,351.0,snPATHOseq,CosMx_tumor,0,0
chr5,5,352,0.0009527053131239575,-6.566631002526695e-05,352.0,snPATHOseq,CosMx_tumor,0,0
chr5,5,353,0.00016176552793296,-0.00019286018418601184,353.0,snPATHOseq,CosMx_tumor,0,0
chr5,5,354,0.0,-0.0004924152114377465,354.0,snPATHOseq,CosMx_tumor,0,0
chr5,5,355,0.0,-0.000984859641213249,355.0,snPATHOseq,CosMx_tumor,0,0
chr5,5,356,-0.001569394787917357,-0.0019331461029237773,356.0,snPATHOseq,CosMx_tumor,0,0
chr5,5,357,-0.007090176619300544,-0.0025932018782297084,357.0,snPATHOseq,CosMx_tumor,0,0
chr5,5,358,-0.007786568165132238,-0.002873775211651473,358.0,snPATHOseq,CosMx_tumor,0,0
chr5,5,359,-0.005649033064225672,-0.002370779803617967,359.0,snPATHOseq,CosMx_tumor,0,0
chr5,5,360,-0.003742141158603036,-0.002364850685429394,360.0,snPATHOseq,CosMx_tumor,0,0
chr5,5,361,-0.0004081813954241704,-0.0015880772216089324,361.0,snPATHOseq,CosMx_tumor,0,0
chr5,5,362,0.0,-0.0009692752049819041,362.0,snPATHOseq,CosMx_tumor,0,0
chr5,5,363,0.0,-0.0005799355066962423,363.0,snPATHOseq,CosMx_tumor,0,0
chr5,5,364,0.0,-0.00019076312325540368,364.0,snPATHOseq,CosMx_tumor,0,0
chr5,5,365,0.0,0.0002844769485849585,365.0,snPATHOseq,CosMx_tumor,0,0
chr5,5,366,0.00010031209135905256,0.004884296496194583,366.0,snPATHOseq,CosMx_tumor,0,0
chr5,5,367,0.000261262082463334,0.014640187092658836,367.0,snPATHOseq,CosMx_tumor,0,0
chr5,5,368,0.0003656866389447022,0.03568380295160379,368.0,snPATHOseq,CosMx_tumor,0,1
chr5,5,369,2.4344512514713675e-05,0.043185346437744694,369.0,snPATHOseq,CosMx_tumor,0,1
chr5,5,370,0.0,0.039758872084921695,370.0,snPATHOseq,CosMx_tumor,0,1
chr5,5,371,0.0,0.029816863205768374,371.0,snPATHOseq,CosMx_tumor,0,1
chr5,5,372,0.0,0.021501831812547213,372.0,snPATHOseq,CosMx_tumor,0,1
chr5,5,373,0.0,0.005691702480760594,373.0,snPATHOseq,CosMx_tumor,0,0
chr5,5,374,0.0,0.001044883052377919,374.0,snPATHOseq,CosMx_tumor,0,0
chr5,5,375,2.5465279251825112e-05,0.0003122471958519667,375.0,snPATHOseq,CosMx_tumor,0,0
chr5,5,376,0.00014722141219887416,0.00042374704826448814,376.0,snPATHOseq,CosMx_tumor,0,0
chr5,5,377,0.002920627514906528,0.0009479565192512353,377.0,snPATHOseq,CosMx_tumor,0,0
chr5,5,378,0.005461999290579206,0.001099206051790961,378.0,snPATHOseq,CosMx_tumor,0,0
chr5,5,379,0.003508367339737398,0.00025994494715501546,379.0,snPATHOseq,CosMx_tumor,0,0
chr5,5,380,0.001666591992219862,-0.00013357978339919717,380.0,snPATHOseq,CosMx_tumor,0,0
chr5,5,381,-0.002326875169208478,-0.0004592814262429999,381.0,snPATHOseq,CosMx_tumor,0,0
chr5,5,382,-0.006333616695523978,-0.0006419197122190449,382.0,snPATHOseq,CosMx_tumor,0,0
chr5,5,383,-0.009518182561482794,-0.0007289082851495951,383.0,snPATHOseq,CosMx_tumor,0,0
chr5,5,384,-0.009592185504291096,-0.000595274528608556,384.0,snPATHOseq,CosMx_tumor,0,0
chr5,5,385,-0.002628896548428415,-0.00021838831851314047,385.0,snPATHOseq,CosMx_tumor,0,0
chr5,5,386,0.0005893197306542543,0.00010855662571381404,386.0,snPATHOseq,CosMx_tumor,0,0
chr5,5,387,0.0008251716531175286,0.00015277608277717,387.0,snPATHOseq,CosMx_tumor,0,0
chr5,5,388,0.0005885731912637796,0.0002380058494232434,388.0,snPATHOseq,CosMx_tumor,0,0
chr5,5,389,0.0016605718067715515,0.0003750352973080113,389.0,snPATHOseq,CosMx_tumor,0,0
chr5,5,390,0.005250258323862525,0.0006072986214261327,390.0,snPATHOseq,CosMx_tumor,0,0
chr6,6,391,0.0,-7.239793431690477e-05,391.0,snPATHOseq,CosMx_tumor,0,0
chr6,6,392,0.0,0.0003193746178836513,392.0,snPATHOseq,CosMx_tumor,0,0
chr6,6,393,0.0,0.009673672406039823,393.0,snPATHOseq,CosMx_tumor,0,0
chr6,6,394,-2.457897446819631e-05,0.04353727264565625,394.0,snPATHOseq,CosMx_tumor,0,1
chr6,6,395,-7.97882427694373e-05,0.08105548811660723,395.0,snPATHOseq,CosMx_tumor,0,1
chr6,6,396,-0.00010488907244330131,0.11436357714446936,396.0,snPATHOseq,CosMx_tumor,0,1
chr6,6,397,-2.4725108173689534e-05,0.12534163463569659,397.0,snPATHOseq,CosMx_tumor,0,1
chr6,6,398,0.0,0.11903240389046074,398.0,snPATHOseq,CosMx_tumor,0,1
chr6,6,399,0.00041675709598166735,0.101457166199298,399.0,snPATHOseq,CosMx_tumor,0,1
chr6,6,400,0.006881203172835434,0.07357527657962742,400.0,snPATHOseq,CosMx_tumor,0,1
chr6,6,401,0.016167294997371243,0.04514368714447306,401.0,snPATHOseq,CosMx_tumor,0,1
chr6,6,402,0.022213027392326223,0.029289627103335002,402.0,snPATHOseq,CosMx_tumor,1,1
chr6,6,403,0.02654416196428038,0.023983479278135694,403.0,snPATHOseq,CosMx_tumor,1,1
chr6,6,404,0.023765056230904625,0.020109680201171355,404.0,snPATHOseq,CosMx_tumor,1,1
chr6,6,405,0.02230813698712402,0.026025168141217934,405.0,snPATHOseq,CosMx_tumor,1,1
chr6,6,406,0.020150970823147294,0.027882350901438712,406.0,snPATHOseq,CosMx_tumor,0,1
chr6,6,407,0.014737830936383136,0.018167591452342893,407.0,snPATHOseq,CosMx_tumor,0,0
chr6,6,408,0.003069947572786106,0.00985964589006546,408.0,snPATHOseq,CosMx_tumor,0,0
chr6,6,409,0.0008818154079331853,0.009603512893890382,409.0,snPATHOseq,CosMx_tumor,0,0
chr6,6,410,-1.8286748009854378e-05,0.007428132854252719,410.0,snPATHOseq,CosMx_tumor,0,0
chr6,6,411,-9.170100487191313e-05,0.0060812787789810765,411.0,snPATHOseq,CosMx_tumor,0,0
chr6,6,412,-0.0002502114095128882,0.006181777874316796,412.0,snPATHOseq,CosMx_tumor,0,0
chr6,6,413,-0.00014128431374319439,0.00919004435813637,413.0,snPATHOseq,CosMx_tumor,0,0
chr6,6,414,-0.00019988024667977732,0.004931370851104407,414.0,snPATHOseq,CosMx_tumor,0,0
chr6,6,415,-0.0002199788210982936,0.0024866511340589574,415.0,snPATHOseq,CosMx_tumor,0,0
chr6,6,416,-8.461254238921382e-05,0.0022515412736034022,416.0,snPATHOseq,CosMx_tumor,0,0
chr6,6,417,-5.2062060568676015e-05,0.0037639274365355154,417.0,snPATHOseq,CosMx_tumor,0,0
chr6,6,418,0.0,0.004173259905824268,418.0,snPATHOseq,CosMx_tumor,0,0
chr6,6,419,2.7718730602118044e-05,0.0055134389701144496,419.0,snPATHOseq,CosMx_tumor,0,0
chr6,6,420,8.472438168546378e-05,0.0075783213149059345,420.0,snPATHOseq,CosMx_tumor,0,0
chr6,6,421,0.00043255211986993115,0.007109746988050724,421.0,snPATHOseq,CosMx_tumor,0,0
chr6,6,422,0.0005419294033925439,0.002733985143959342,422.0,snPATHOseq,CosMx_tumor,0,0
chr6,6,423,7.910715944577874e-05,0.0006914057366835071,423.0,snPATHOseq,CosMx_tumor,0,0
chr6,6,424,0.0,0.00010539665335528087,424.0,snPATHOseq,CosMx_tumor,0,0
chr6,6,425,-5.169759460833112e-05,-0.00013746584328908627,425.0,snPATHOseq,CosMx_tumor,0,0
chr6,6,426,-0.0003870645189812526,-0.0003952165929178095,426.0,snPATHOseq,CosMx_tumor,0,0
chr6,6,427,-0.0011313087368365117,-0.00047585053950357825,427.0,snPATHOseq,CosMx_tumor,0,0
chr6,6,428,-0.001483813487919455,-0.0005004591378843693,428.0,snPATHOseq,CosMx_tumor,0,0
chr6,6,429,-0.00134707834555211,-0.0005247352945317862,429.0,snPATHOseq,CosMx_tumor,0,0
chr6,6,430,-0.0011985236724418456,-0.0003906605990081751,430.0,snPATHOseq,CosMx_tumor,0,0
chr6,6,431,-0.0008820716711973191,-0.00018907184853279686,431.0,snPATHOseq,CosMx_tumor,0,0
chr6,6,432,-0.0005818189743233877,-8.691784226003801e-05,432.0,snPATHOseq,CosMx_tumor,0,0
chr6,6,433,-0.0005405187459944295,6.206336774522794e-05,433.0,snPATHOseq,CosMx_tumor,0,0
chr6,6,434,-0.0004941720878951829,0.00032253771673731297,434.0,snPATHOseq,CosMx_tumor,0,0
chr6,6,435,-0.00015975800774481659,0.000921680643751881,435.0,snPATHOseq,CosMx_tumor,0,0
chr6,6,436,-0.00020917084397502943,0.00027978738195742883,436.0,snPATHOseq,CosMx_tumor,0,0
chr6,6,437,-0.00025969695945743577,-9.088515790629197e-05,437.0,snPATHOseq,CosMx_tumor,0,0
chr6,6,438,-5.112872475260788e-05,-0.00044159808789005653,438.0,snPATHOseq,CosMx_tumor,0,0
chr6,6,439,0.0,-0.0007468123048423638,439.0,snPATHOseq,CosMx_tumor,0,0
chr6,6,440,0.0,-0.0010210416332668466,440.0,snPATHOseq,CosMx_tumor,0,0
chr6,6,441,0.0,-0.0006298215475229996,441.0,snPATHOseq,CosMx_tumor,0,0
chr6,6,442,0.0,-1.2865552597922697e-05,442.0,snPATHOseq,CosMx_tumor,0,0
chr6,6,443,0.0,0.00040208630503058376,443.0,snPATHOseq,CosMx_tumor,0,0
chr6,6,444,2.4345379419499323e-05,0.0005319839128331384,444.0,snPATHOseq,CosMx_tumor,0,0
chr6,6,445,0.0008442135154494362,0.0009460984411397157,445.0,snPATHOseq,CosMx_tumor,0,0
chr6,6,446,0.001024518714216229,0.0012768210623372107,446.0,snPATHOseq,CosMx_tumor,0,0
chr6,6,447,5.533617877965594e-05,0.0009282463384033097,447.0,snPATHOseq,CosMx_tumor,0,0
chr6,6,448,2.694808385538472e-05,0.0004947598088569629,448.0,snPATHOseq,CosMx_tumor,0,0
chr6,6,449,0.0,0.00030037754875988915,449.0,snPATHOseq,CosMx_tumor,0,0
chr6,6,450,0.0,0.000174053479943027,450.0,snPATHOseq,CosMx_tumor,0,0
chr6,6,451,0.0,5.188771866878005e-06,451.0,snPATHOseq,CosMx_tumor,0,0
chr6,6,452,0.0,-0.00013510732023515044,452.0,snPATHOseq,CosMx_tumor,0,0
chr7,7,453,0.002771487040571581,0.0058122169356942905,453.0,snPATHOseq,CosMx_tumor,0,0
chr7,7,454,0.0004948596190452162,0.0010368216942370735,454.0,snPATHOseq,CosMx_tumor,0,0
chr7,7,455,0.0006894674015417879,0.0001760534102046338,455.0,snPATHOseq,CosMx_tumor,0,0
chr7,7,456,0.0009266268963268779,0.00018330973591283787,456.0,snPATHOseq,CosMx_tumor,0,0
chr7,7,457,0.0006432175690526465,0.000603170828260631,457.0,snPATHOseq,CosMx_tumor,0,0
chr7,7,458,0.0006274228554605161,0.0019577836515476924,458.0,snPATHOseq,CosMx_tumor,0,0
chr7,7,459,0.0016271873529650747,0.00597166037357371,459.0,snPATHOseq,CosMx_tumor,0,0
chr7,7,460,0.0036038798977147003,0.0071730536044942676,460.0,snPATHOseq,CosMx_tumor,0,0
chr7,7,461,0.00031792668059768244,0.004928344988015597,461.0,snPATHOseq,CosMx_tumor,0,0
chr7,7,462,7.707647625622054e-05,0.0023374695718202192,462.0,snPATHOseq,CosMx_tumor,0,0
chr7,7,463,0.0,0.0009688145438293364,463.0,snPATHOseq,CosMx_tumor,0,0
chr7,7,464,0.0,0.00012520704237558292,464.0,snPATHOseq,CosMx_tumor,0,0
chr7,7,465,-0.00010255179148847573,-7.255667372872368e-05,465.0,snPATHOseq,CosMx_tumor,0,0
chr7,7,466,-0.0001289451400365261,0.0001202445310596503,466.0,snPATHOseq,CosMx_tumor,0,0
chr7,7,467,-7.703199974982987e-05,0.0005807925214264064,467.0,snPATHOseq,CosMx_tumor,0,0
chr7,7,468,-5.033515611728799e-05,0.0004716227954155921,468.0,snPATHOseq,CosMx_tumor,0,0
chr7,7,469,2.7221123189480944e-05,0.0008929368271483516,469.0,snPATHOseq,CosMx_tumor,0,0
chr7,7,470,0.0017613773104047249,0.005007522450812858,470.0,snPATHOseq,CosMx_tumor,0,0
chr7,7,471,0.014700080374216037,0.012205573536760411,471.0,snPATHOseq,CosMx_tumor,0,0
chr7,7,472,0.028640940866835246,0.02214876840917308,472.0,snPATHOseq,CosMx_tumor,1,1
chr7,7,473,0.03874323991173634,0.0409055417366325,473.0,snPATHOseq,CosMx_tumor,1,1
chr7,7,474,0.044259239376070424,0.060564286810374235,474.0,snPATHOseq,CosMx_tumor,1,1
chr7,7,475,0.03697058792160615,0.05187108472030991,475.0,snPATHOseq,CosMx_tumor,1,1
chr7,7,476,0.026961089487869367,0.03520413368786338,476.0,snPATHOseq,CosMx_tumor,1,1
chr7,7,477,0.010226531706082979,0.007153251025704462,477.0,snPATHOseq,CosMx_tumor,0,0
chr7,7,478,0.00011065072866493605,0.000499160434852218,478.0,snPATHOseq,CosMx_tumor,0,0
chr7,7,479,-7.865520697872669e-05,9.253268734503824e-05,479.0,snPATHOseq,CosMx_tumor,0,0
chr7,7,480,-0.00031848175994505075,6.2283778992643e-05,480.0,snPATHOseq,CosMx_tumor,0,0
chr7,7,481,-0.0008626522445594802,0.00019625274849988415,481.0,snPATHOseq,CosMx_tumor,0,0
chr7,7,482,0.00012096836867885114,0.002155626102331769,482.0,snPATHOseq,CosMx_tumor,0,0
chr7,7,483,0.001192763435258423,0.01194440222995421,483.0,snPATHOseq,CosMx_tumor,0,0
chr7,7,484,0.007241501867783882,0.019977552350124276,484.0,snPATHOseq,CosMx_tumor,0,1
chr7,7,485,0.021439030154409584,0.021458167914432856,485.0,snPATHOseq,CosMx_tumor,1,1
chr7,7,486,0.032682833277917885,0.026561596651203955,486.0,snPATHOseq,CosMx_tumor,1,1
chr7,7,487,0.03507793107362825,0.023809210705089484,487.0,snPATHOseq,CosMx_tumor,1,1
chr7,7,488,0.035148157235779263,0.01939511204029866,488.0,snPATHOseq,CosMx_tumor,1,1
chr7,7,489,0.03500757035872188,0.01684973686965498,489.0,snPATHOseq,CosMx_tumor,1,0
chr7,7,490,0.03276506129209679,0.01587292556005785,490.0,snPATHOseq,CosMx_tumor,1,0
chr7,7,491,0.02304458526732148,0.00793897946776506,491.0,snPATHOseq,CosMx_tumor,1,0
chr7,7,492,0.01908431163535025,0.00541612487543553,492.0,snPATHOseq,CosMx_tumor,0,0
chr7,7,493,0.014718966969755286,0.004100349535817046,493.0,snPATHOseq,CosMx_tumor,0,0
chr7,7,494,0.010404291480124615,0.003284487007442581,494.0,snPATHOseq,CosMx_tumor,0,0
chr7,7,495,0.007108498992437214,0.001583713838098967,495.0,snPATHOseq,CosMx_tumor,0,0
chr7,7,496,0.007122948759495567,0.0015909730250159545,496.0,snPATHOseq,CosMx_tumor,0,0
chr7,7,497,0.003704662149138685,0.0011573670712124507,497.0,snPATHOseq,CosMx_tumor,0,0
chr7,7,498,4.9069094716735134e-05,0.00054234665133235,498.0,snPATHOseq,CosMx_tumor,0,0
chr7,7,499,0.0,0.0001458424938816212,499.0,snPATHOseq,CosMx_tumor,0,0
chr7,7,500,0.0,-1.0446586340221799e-05,500.0,snPATHOseq,CosMx_tumor,0,0
chr7,7,501,-0.00018711004419960975,-0.00010232443842960712,501.0,snPATHOseq,CosMx_tumor,0,0
chr7,7,502,-0.0004965305790765179,-0.00021656223336980127,502.0,snPATHOseq,CosMx_tumor,0,0
chr7,7,503,-7.779862024887661e-05,-0.00023645668134958137,503.0,snPATHOseq,CosMx_tumor,0,0
chr7,7,504,2.7784964139075702e-05,-0.00017293255764787055,504.0,snPATHOseq,CosMx_tumor,0,0
chr7,7,505,0.0001315102119380109,-0.00021177762026789818,505.0,snPATHOseq,CosMx_tumor,0,0
chr7,7,506,0.00019615628070652523,-0.00026981542219765576,506.0,snPATHOseq,CosMx_tumor,0,0
chr7,7,507,0.00018039104058806325,-9.71307350799644e-05,507.0,snPATHOseq,CosMx_tumor,0,0
chr7,7,508,0.00012357767767577174,3.56156311917486e-05,508.0,snPATHOseq,CosMx_tumor,0,0
chr8,8,509,-0.004373864895454021,-0.07995836553352786,509.0,snPATHOseq,CosMx_tumor,0,-1
chr8,8,510,-0.008973268250889517,-0.07867453940735451,510.0,snPATHOseq,CosMx_tumor,0,-1
chr8,8,511,-0.018026523381091304,-0.08073086444931797,511.0,snPATHOseq,CosMx_tumor,0,-1
chr8,8,512,-0.024678101053112304,-0.08873361003180401,512.0,snPATHOseq,CosMx_tumor,-1,-1
chr8,8,513,-0.026302180964592817,-0.09324825499470084,513.0,snPATHOseq,CosMx_tumor,-1,-1
chr8,8,514,-0.023704789692040422,-0.08720471928951001,514.0,snPATHOseq,CosMx_tumor,-1,-1
chr8,8,515,-0.02043318756960655,-0.08504345199609083,515.0,snPATHOseq,CosMx_tumor,-1,-1
chr8,8,516,-0.013551965907654817,-0.07932759286402515,516.0,snPATHOseq,CosMx_tumor,0,-1
chr8,8,517,-0.0023927286603073997,-0.06342376896893148,517.0,snPATHOseq,CosMx_tumor,0,-1
chr8,8,518,-0.0004461789694871073,-0.036623327260452615,518.0,snPATHOseq,CosMx_tumor,0,-1
chr8,8,519,-0.00023921414289789652,-0.01725886633977911,519.0,snPATHOseq,CosMx_tumor,0,0
chr8,8,520,-0.00015189680871236942,-0.005446194087876244,520.0,snPATHOseq,CosMx_tumor,0,0
chr8,8,521,0.0,-0.0011668822855300635,521.0,snPATHOseq,CosMx_tumor,0,0
chr8,8,522,0.0,-0.00012448010106654305,522.0,snPATHOseq,CosMx_tumor,0,0
chr8,8,523,0.0,0.00015072555657922408,523.0,snPATHOseq,CosMx_tumor,0,0
chr8,8,524,0.00013923691322302768,0.0007768882214882781,524.0,snPATHOseq,CosMx_tumor,0,0
chr8,8,525,0.0003497304382989065,0.0015634333743733827,525.0,snPATHOseq,CosMx_tumor,0,0
chr8,8,526,0.00014127436915695654,0.0011407654196086575,526.0,snPATHOseq,CosMx_tumor,0,0
chr8,8,527,0.0,0.0006533857939503161,527.0,snPATHOseq,CosMx_tumor,0,0
chr8,8,528,0.0,0.00033441939528219394,528.0,snPATHOseq,CosMx_tumor,0,0
chr8,8,529,0.0,0.00020832835269777352,529.0,snPATHOseq,CosMx_tumor,0,0
chr8,8,530,0.0,5.504887374259343e-05,530.0,snPATHOseq,CosMx_tumor,0,0
chr8,8,531,0.0,-3.550637325071852e-05,531.0,snPATHOseq,CosMx_tumor,0,0
chr8,8,532,0.0002621293370310462,0.0005577396889219138,532.0,snPATHOseq,CosMx_tumor,0,0
chr8,8,533,0.0035113477509710446,0.0026922557757813057,533.0,snPATHOseq,CosMx_tumor,0,0
chr8,8,534,0.004163130782554859,0.006668269685230754,534.0,snPATHOseq,CosMx_tumor,0,0
chr8,8,535,0.001870660643247095,0.01122130769434529,535.0,snPATHOseq,CosMx_tumor,0,0
chr8,8,536,0.0009318487629078434,0.0201168139341308,536.0,snPATHOseq,CosMx_tumor,0,1
chr8,8,537,0.0005711118120617895,0.020108577310488984,537.0,snPATHOseq,CosMx_tumor,0,1
chr8,8,538,2.6085976005488372e-05,0.009504540262424511,538.0,snPATHOseq,CosMx_tumor,0,0
chr8,8,539,0.0,0.004930981565235446,539.0,snPATHOseq,CosMx_tumor,0,0
chr8,8,540,0.00018565500410127212,0.0024659160290200176,540.0,snPATHOseq,CosMx_tumor,0,0
chr8,8,541,5.935034975152346e-05,0.0013627608982778783,541.0,snPATHOseq,CosMx_tumor,0,0
chr8,8,542,2.9755630253306835e-05,0.0019421070533446115,542.0,snPATHOseq,CosMx_tumor,0,0
chr8,8,543,0.0003160971838509723,0.004477007652029898,543.0,snPATHOseq,CosMx_tumor,0,0
chr8,8,544,0.003364386045253341,0.008982878627759844,544.0,snPATHOseq,CosMx_tumor,0,0
chr8,8,545,0.012804183157329443,0.019705565716572487,545.0,snPATHOseq,CosMx_tumor,0,1
chr8,8,546,0.02638642073157721,0.033959230405951314,546.0,snPATHOseq,CosMx_tumor,1,1
chr8,8,547,0.04349889851769803,0.05189754959614608,547.0,snPATHOseq,CosMx_tumor,1,1
chr8,8,548,0.06015324015611971,0.07034435662971997,548.0,snPATHOseq,CosMx_tumor,1,1
chr9,9,549,0.00014032948143288682,-0.005127109741469678,549.0,snPATHOseq,CosMx_tumor,0,0
chr9,9,550,0.000894458054434178,-0.00025479705709452216,550.0,snPATHOseq,CosMx_tumor,0,0
chr9,9,551,0.0038084463142886026,0.0007126348586841503,551.0,snPATHOseq,CosMx_tumor,0,0
chr9,9,552,0.005833642878811651,0.003722265965140187,552.0,snPATHOseq,CosMx_tumor,0,0
chr9,9,553,0.0035578118848889487,0.003229811881970269,553.0,snPATHOseq,CosMx_tumor,0,0
chr9,9,554,0.0017600446379185696,0.000976803747981971,554.0,snPATHOseq,CosMx_tumor,0,0
chr9,9,555,0.0009163402264580839,0.00032747007192754737,555.0,snPATHOseq,CosMx_tumor,0,0
chr9,9,556,0.0004033200641308875,5.22808921954383e-05,556.0,snPATHOseq,CosMx_tumor,0,0
chr9,9,557,0.0001365870615239312,-0.0001550129635083918,557.0,snPATHOseq,CosMx_tumor,0,0
chr9,9,558,0.0005349360661798903,-5.620892392489573e-05,558.0,snPATHOseq,CosMx_tumor,0,0
chr9,9,559,0.0003155660782010184,-2.3352998188922706e-05,559.0,snPATHOseq,CosMx_tumor,0,0
chr9,9,560,0.000300925308753222,-1.0184923700099356e-05,560.0,snPATHOseq,CosMx_tumor,0,0
chr9,9,561,8.429698787097225e-05,-1.304629823060002e-05,561.0,snPATHOseq,CosMx_tumor,0,0
chr9,9,562,5.388652635847455e-05,3.692149199561666e-05,562.0,snPATHOseq,CosMx_tumor,0,0
chr9,9,563,0.0,7.285820015685933e-05,563.0,snPATHOseq,CosMx_tumor,0,0
chr9,9,564,0.0,0.00012855251018091697,564.0,snPATHOseq,CosMx_tumor,0,0
chr9,9,565,0.0,0.0001396921009981367,565.0,snPATHOseq,CosMx_tumor,0,0
chr9,9,566,0.0,0.00015046229938851325,566.0,snPATHOseq,CosMx_tumor,0,0
chr9,9,567,-2.4335300568331176e-05,0.00010831075821935737,567.0,snPATHOseq,CosMx_tumor,0,0
chr9,9,568,4.937449300396815e-05,4.543401459852788e-05,568.0,snPATHOseq,CosMx_tumor,0,0
chr9,9,569,0.00037042142910905765,3.355395322211284e-05,569.0,snPATHOseq,CosMx_tumor,0,0
chr9,9,570,0.0012542569965202169,4.3410969365796555e-05,570.0,snPATHOseq,CosMx_tumor,0,0
chr9,9,571,0.004164622601706894,0.00013206598869173732,571.0,snPATHOseq,CosMx_tumor,0,0
chr9,9,572,0.01336746771941093,0.00023842098771982212,572.0,snPATHOseq,CosMx_tumor,0,0
chr9,9,573,0.01852606459386813,0.00029631322614476126,573.0,snPATHOseq,CosMx_tumor,0,0
chr9,9,574,0.019203617027924606,0.0002841709095650798,574.0,snPATHOseq,CosMx_tumor,0,0
chr9,9,575,0.01751230641927855,0.0002001970185976452,575.0,snPATHOseq,CosMx_tumor,0,0
chr9,9,576,0.005442119731360979,9.367624507594024e-05,576.0,snPATHOseq,CosMx_tumor,0,0
chr9,9,577,2.127560857553971e-07,2.1431199454745555e-05,577.0,snPATHOseq,CosMx_tumor,0,0
chr9,9,578,-2.9907081197661926e-05,-2.3919316200639364e-05,578.0,snPATHOseq,CosMx_tumor,0,0
chr9,9,579,-2.6208629445883345e-05,-2.2853376253422007e-05,579.0,snPATHOseq,CosMx_tumor,0,0
chr9,9,580,-2.7738136452351894e-05,1.5258041186875513e-05,580.0,snPATHOseq,CosMx_tumor,0,0
chr9,9,581,-2.6810487478503486e-05,5.602086174343398e-05,581.0,snPATHOseq,CosMx_tumor,0,0
chr9,9,582,0.0001906544972747424,0.00012296540805328913,582.0,snPATHOseq,CosMx_tumor,0,0
chr9,9,583,0.0020698297351608675,0.00020350340239594939,583.0,snPATHOseq,CosMx_tumor,0,0
chr9,9,584,0.0028772051001704924,0.00025027188834172585,584.0,snPATHOseq,CosMx_tumor,0,0
chr9,9,585,0.0005161603811456231,0.00014366587729694428,585.0,snPATHOseq,CosMx_tumor,0,0
chr9,9,586,5.343820611284207e-05,0.00010021047428350606,586.0,snPATHOseq,CosMx_tumor,0,0
chr9,9,587,0.0,5.241924712934999e-05,587.0,snPATHOseq,CosMx_tumor,0,0
chr9,9,588,-2.7282947126739234e-05,2.012968514698235e-05,588.0,snPATHOseq,CosMx_tumor,0,0
chr9,9,589,-8.225118396698182e-05,-0.0001055771339099182,589.0,snPATHOseq,CosMx_tumor,0,0
chr9,9,590,-2.4554028277062914e-05,-8.388531862712764e-05,590.0,snPATHOseq,CosMx_tumor,0,0
chr9,9,591,0.0,3.941111237673478e-05,591.0,snPATHOseq,CosMx_tumor,0,0
chr9,9,592,0.00012509547932909273,0.00021618102978785555,592.0,snPATHOseq,CosMx_tumor,0,0
chr9,9,593,0.004725683511317934,0.0005173672856034788,593.0,snPATHOseq,CosMx_tumor,0,0
chr9,9,594,0.018331779619344218,0.002358129091504769,594.0,snPATHOseq,CosMx_tumor,0,0
chr10,10,595,-0.01970036369759776,-8.626133277449749e-06,595.0,snPATHOseq,CosMx_tumor,0,0
chr10,10,596,-0.023622773973626596,-0.0002409616627482666,596.0,snPATHOseq,CosMx_tumor,-1,0
chr10,10,597,-0.02378599331842849,-0.00027559583342720936,597.0,snPATHOseq,CosMx_tumor,-1,0
chr10,10,598,-0.020076471678791903,-0.00022652732861365625,598.0,snPATHOseq,CosMx_tumor,0,0
chr10,10,599,-0.017588393792240708,-0.0002713870265963525,599.0,snPATHOseq,CosMx_tumor,0,0
chr10,10,600,-0.015043506740918233,-0.0002539362730730053,600.0,snPATHOseq,CosMx_tumor,0,0
chr10,10,601,-0.010628259775531475,-0.00015341168286754194,601.0,snPATHOseq,CosMx_tumor,0,0
chr10,10,602,-0.004800691657150877,-0.00012174460087432097,602.0,snPATHOseq,CosMx_tumor,0,0
chr10,10,603,-0.004051167932318578,-0.00013323321254193174,603.0,snPATHOseq,CosMx_tumor,0,0
chr10,10,604,-0.003251465003694222,-0.00016535961164446748,604.0,snPATHOseq,CosMx_tumor,0,0
chr10,10,605,-0.002694875229160824,-0.00017584509211613324,605.0,snPATHOseq,CosMx_tumor,0,0
chr10,10,606,-0.002351815204398376,-0.00017550184975331792,606.0,snPATHOseq,CosMx_tumor,0,0
chr10,10,607,-0.001302770755514981,-9.586155897871174e-05,607.0,snPATHOseq,CosMx_tumor,0,0
chr10,10,608,-0.0013398967022475443,-1.7951315334159731e-06,608.0,snPATHOseq,CosMx_tumor,0,0
chr10,10,609,-0.002020088245001189,0.00012182418200278454,609.0,snPATHOseq,CosMx_tumor,0,0
chr10,10,610,-0.003491710214122991,0.0003125668716978834,610.0,snPATHOseq,CosMx_tumor,0,0
chr10,10,611,-0.005057063937189054,0.0004235211033038772,611.0,snPATHOseq,CosMx_tumor,0,0
chr10,10,612,-0.007081383705788652,0.00041844340479116755,612.0,snPATHOseq,CosMx_tumor,0,0
chr10,10,613,-0.006923200027538952,0.00041156312438072966,613.0,snPATHOseq,CosMx_tumor,0,0
chr10,10,614,-0.0028490526656487197,0.00046649155083278214,614.0,snPATHOseq,CosMx_tumor,0,0
chr10,10,615,-0.0002858771018509893,0.0004249754640223009,615.0,snPATHOseq,CosMx_tumor,0,0
chr10,10,616,0.0,0.00028813842608717705,616.0,snPATHOseq,CosMx_tumor,0,0
chr10,10,617,0.0,0.00015515983149542938,617.0,snPATHOseq,CosMx_tumor,0,0
chr10,10,618,0.0,9.944874096325229e-05,618.0,snPATHOseq,CosMx_tumor,0,0
chr10,10,619,0.0,4.41994658651959e-05,619.0,snPATHOseq,CosMx_tumor,0,0
chr10,10,620,0.0,2.074413345053289e-05,620.0,snPATHOseq,CosMx_tumor,0,0
chr10,10,621,-2.5083353380787513e-05,4.1183170393648845e-05,621.0,snPATHOseq,CosMx_tumor,0,0
chr10,10,622,-0.0005941471823683959,6.808476419410633e-05,622.0,snPATHOseq,CosMx_tumor,0,0
chr10,10,623,-0.0026230096429351096,0.00011855065687811277,623.0,snPATHOseq,CosMx_tumor,0,0
chr10,10,624,-0.001607806351105589,0.0001931499481927676,624.0,snPATHOseq,CosMx_tumor,0,0
chr10,10,625,-0.00010222102234026093,0.0002493635092122642,625.0,snPATHOseq,CosMx_tumor,0,0
chr10,10,626,0.0,0.000241253463892556,626.0,snPATHOseq,CosMx_tumor,0,0
chr10,10,627,0.0,0.00022456769215925204,627.0,snPATHOseq,CosMx_tumor,0,0
chr10,10,628,0.0,0.00019052854330982769,628.0,snPATHOseq,CosMx_tumor,0,0
chr10,10,629,0.0,3.23177777317565e-05,629.0,snPATHOseq,CosMx_tumor,0,0
chr10,10,630,0.0,-7.10069058319061e-05,630.0,snPATHOseq,CosMx_tumor,0,0
chr10,10,631,0.0001107017440465462,3.522048711410067e-06,631.0,snPATHOseq,CosMx_tumor,0,0
chr10,10,632,0.0004538874237815897,6.737504126871904e-05,632.0,snPATHOseq,CosMx_tumor,0,0
chr10,10,633,0.0022296088973103615,0.00018255044571184478,633.0,snPATHOseq,CosMx_tumor,0,0
chr10,10,634,0.0038819489380496597,0.0002790561141543671,634.0,snPATHOseq,CosMx_tumor,0,0
chr10,10,635,0.006633365139760747,0.0004858770081748888,635.0,snPATHOseq,CosMx_tumor,0,0
chr10,10,636,0.006562824453381098,0.0005707985144038937,636.0,snPATHOseq,CosMx_tumor,0,0
chr10,10,637,0.0053747408672465925,0.0005223254196929583,637.0,snPATHOseq,CosMx_tumor,0,0
chr10,10,638,0.004841152412204483,0.0004636083143824563,638.0,snPATHOseq,CosMx_tumor,0,0
chr10,10,639,0.005514498884083167,0.0003233489500391787,639.0,snPATHOseq,CosMx_tumor,0,0
chr11,11,640,0.042477120369107536,0.04044882359375911,640.0,snPATHOseq,CosMx_tumor,1,1
chr11,11,641,0.02409904986625484,0.020762969114732452,641.0,snPATHOseq,CosMx_tumor,1,1
chr11,11,642,0.005889224286804043,0.002603284990530888,642.0,snPATHOseq,CosMx_tumor,0,0
chr11,11,643,2.764038790809552e-05,-0.000452576733798934,643.0,snPATHOseq,CosMx_tumor,0,0
chr11,11,644,-5.009103606088139e-05,-0.0011027166588919702,644.0,snPATHOseq,CosMx_tumor,0,0
chr11,11,645,-0.00012527419447796092,-0.0013233930058207904,645.0,snPATHOseq,CosMx_tumor,0,0
chr11,11,646,-7.770836793965243e-05,-0.0009844145633133258,646.0,snPATHOseq,CosMx_tumor,0,0
chr11,11,647,-5.118873212594569e-05,-0.0003223748809169386,647.0,snPATHOseq,CosMx_tumor,0,0
chr11,11,648,0.0,0.00035492737186284217,648.0,snPATHOseq,CosMx_tumor,0,0
chr11,11,649,5.1462069733858935e-05,0.0019014181808927864,649.0,snPATHOseq,CosMx_tumor,0,0
chr11,11,650,0.0006346699759462136,0.004037431169754042,650.0,snPATHOseq,CosMx_tumor,0,0
chr11,11,651,0.002348955133771075,0.006351815631026158,651.0,snPATHOseq,CosMx_tumor,0,0
chr11,11,652,0.005508785958939484,0.007681304226233205,652.0,snPATHOseq,CosMx_tumor,0,0
chr11,11,653,0.006156453849570867,0.00937323559599592,653.0,snPATHOseq,CosMx_tumor,0,0
chr11,11,654,0.004657022283040629,0.01275982494121283,654.0,snPATHOseq,CosMx_tumor,0,0
chr11,11,655,0.005684018296583787,0.01641023943574859,655.0,snPATHOseq,CosMx_tumor,0,0
chr11,11,656,0.006866817211725889,0.015218701357834813,656.0,snPATHOseq,CosMx_tumor,0,0
chr11,11,657,0.0074321935101727896,0.013402489229241523,657.0,snPATHOseq,CosMx_tumor,0,0
chr11,11,658,0.00961189412971108,0.009005080141800698,658.0,snPATHOseq,CosMx_tumor,0,0
chr11,11,659,0.009554800063296483,0.002943785945262959,659.0,snPATHOseq,CosMx_tumor,0,0
chr11,11,660,0.004985945472748188,0.00010012121911562048,660.0,snPATHOseq,CosMx_tumor,0,0
chr11,11,661,0.0011697528381593738,-0.0005490526139120753,661.0,snPATHOseq,CosMx_tumor,0,0
chr11,11,662,0.0,-0.004933886783935964,662.0,snPATHOseq,CosMx_tumor,0,0
chr11,11,663,-2.4751993606586034e-05,-0.024551016124509207,663.0,snPATHOseq,CosMx_tumor,0,-1
chr11,11,664,-0.0018883495529781666,-0.05214269378786374,664.0,snPATHOseq,CosMx_tumor,0,-1
chr11,11,665,-0.00591293524074013,-0.07219346808457121,665.0,snPATHOseq,CosMx_tumor,0,-1
chr11,11,666,-0.009598188441000242,-0.08513943744775877,666.0,snPATHOseq,CosMx_tumor,0,-1
chr11,11,667,-0.01218464257068999,-0.09287707174111631,667.0,snPATHOseq,CosMx_tumor,0,-1
chr11,11,668,-0.01420133544002193,-0.10239340358230312,668.0,snPATHOseq,CosMx_tumor,0,-1
chr11,11,669,-0.014338065260274585,-0.10536311546168985,669.0,snPATHOseq,CosMx_tumor,0,-1
chr11,11,670,-0.010298868960375147,-0.10189997557462045,670.0,snPATHOseq,CosMx_tumor,0,-1
chr11,11,671,-0.004926539651681052,-0.0937018995858218,671.0,snPATHOseq,CosMx_tumor,0,-1
chr11,11,672,-0.0022952512583404054,-0.08070894281505309,672.0,snPATHOseq,CosMx_tumor,0,-1
chr11,11,673,-0.0026963040284216713,-0.06933829199397479,673.0,snPATHOseq,CosMx_tumor,0,-1
chr11,11,674,-0.0036901414065946742,-0.05825635679131628,674.0,snPATHOseq,CosMx_tumor,0,-1
chr11,11,675,-0.00505054178269238,-0.05946269086239301,675.0,snPATHOseq,CosMx_tumor,0,-1
chr11,11,676,-0.00870426476414996,-0.06302212371703274,676.0,snPATHOseq,CosMx_tumor,0,-1
chr11,11,677,-0.014604339104212192,-0.06829671231391499,677.0,snPATHOseq,CosMx_tumor,0,-1
chr11,11,678,-0.01545964404322502,-0.07233295583766121,678.0,snPATHOseq,CosMx_tumor,0,-1
chr11,11,679,-0.015811756871382074,-0.08039278311111366,679.0,snPATHOseq,CosMx_tumor,0,-1
chr11,11,680,-0.016322592753896786,-0.08151814344506304,680.0,snPATHOseq,CosMx_tumor,0,-1
chr11,11,681,-0.012676546124446346,-0.0790178062419646,681.0,snPATHOseq,CosMx_tumor,0,-1
chr11,11,682,-0.007286831175569938,-0.07335268491060029,682.0,snPATHOseq,CosMx_tumor,0,-1
chr11,11,683,-0.0050995787919798485,-0.06502617335714618,683.0,snPATHOseq,CosMx_tumor,0,-1
chr11,11,684,-0.004345527886688232,-0.0580936444009288,684.0,snPATHOseq,CosMx_tumor,0,-1
chr11,11,685,-0.002699815897577476,-0.05483117807764259,685.0,snPATHOseq,CosMx_tumor,0,-1
chr11,11,686,-0.0018877285362438067,-0.056378181253196887,686.0,snPATHOseq,CosMx_tumor,0,-1
chr11,11,687,-0.0021335302473961385,-0.06168841209849162,687.0,snPATHOseq,CosMx_tumor,0,-1
chr11,11,688,-0.002278261533427444,-0.07337744840324342,688.0,snPATHOseq,CosMx_tumor,0,-1
chr11,11,689,-0.0019152097044845152,-0.08168810853181004,689.0,snPATHOseq,CosMx_tumor,0,-1
chr11,11,690,-0.001983808618649562,-0.08731813987339379,690.0,snPATHOseq,CosMx_tumor,0,-1
chr11,11,691,-0.0034503352936126916,-0.09248234250404075,691.0,snPATHOseq,CosMx_tumor,0,-1
chr11,11,692,-0.005682204608435785,-0.09856977896289745,692.0,snPATHOseq,CosMx_tumor,0,-1
chr11,11,693,-0.009295326192648935,-0.09966841951978143,693.0,snPATHOseq,CosMx_tumor,0,-1
chr11,11,694,-0.01305886995149213,-0.10202504850309588,694.0,snPATHOseq,CosMx_tumor,0,-1
chr11,11,695,-0.015686937682265496,-0.10373373195015415,695.0,snPATHOseq,CosMx_tumor,0,-1
chr11,11,696,-0.016331244594763098,-0.10525217959650714,696.0,snPATHOseq,CosMx_tumor,0,-1
chr11,11,697,-0.016331254807257316,-0.10340008994896772,697.0,snPATHOseq,CosMx_tumor,0,-1
chr11,11,698,-0.016681507939648475,-0.1045941114508073,698.0,snPATHOseq,CosMx_tumor,0,-1
chr11,11,699,-0.016921564567023973,-0.10760955075235878,699.0,snPATHOseq,CosMx_tumor,0,-1
chr11,11,700,-0.0176247068307582,-0.1108019130826412,700.0,snPATHOseq,CosMx_tumor,0,-1
chr11,11,701,-0.016183484241976562,-0.10912790003468811,701.0,snPATHOseq,CosMx_tumor,0,-1
chr11,11,702,-0.014252145822813617,-0.10936775998027842,702.0,snPATHOseq,CosMx_tumor,0,-1
chr11,11,703,-0.011717787045990758,-0.1102021674614621,703.0,snPATHOseq,CosMx_tumor,0,-1
chr11,11,704,-0.010998828323055352,-0.10488603591220966,704.0,snPATHOseq,CosMx_tumor,0,-1
chr11,11,705,-0.010354121896303243,-0.09626356731576145,705.0,snPATHOseq,CosMx_tumor,0,-1
chr11,11,706,-0.011057503879265436,-0.09963832774630373,706.0,snPATHOseq,CosMx_tumor,0,-1
chr11,11,707,-0.009469979418729171,-0.10221849938588427,707.0,snPATHOseq,CosMx_tumor,0,-1
chr11,11,708,-0.0074480583055499105,-0.0972272194302289,708.0,snPATHOseq,CosMx_tumor,0,-1
chr11,11,709,-0.004551241610487197,-0.09842786003040926,709.0,snPATHOseq,CosMx_tumor,0,-1
chr11,11,710,-0.0014906020782564906,-0.1028814711489769,710.0,snPATHOseq,CosMx_tumor,0,-1
chr11,11,711,-0.0005261246093643969,-0.09974533525291142,711.0,snPATHOseq,CosMx_tumor,0,-1
chr11,11,712,-0.0013710945950556838,-0.0910776870977978,712.0,snPATHOseq,CosMx_tumor,0,-1
chr12,12,713,-0.0020270800058762913,-0.0037909533159297872,713.0,snPATHOseq,CosMx_tumor,0,0
chr12,12,714,-0.005395586561151871,-0.013018477839511515,714.0,snPATHOseq,CosMx_tumor,0,0
chr12,12,715,-0.010290267803699283,-0.03488862143898304,715.0,snPATHOseq,CosMx_tumor,0,-1
chr12,12,716,-0.013164881215761301,-0.05342846651114067,716.0,snPATHOseq,CosMx_tumor,0,-1
chr12,12,717,-0.0023859560221065742,-0.04050060557933815,717.0,snPATHOseq,CosMx_tumor,0,-1
chr12,12,718,0.0,-0.007830552997370233,718.0,snPATHOseq,CosMx_tumor,0,0
chr12,12,719,0.0008561157265205719,-0.0008466175578590309,719.0,snPATHOseq,CosMx_tumor,0,0
chr12,12,720,0.01233140639357111,-8.435083344628528e-05,720.0,snPATHOseq,CosMx_tumor,0,0
chr12,12,721,0.018468133562016417,0.0003481918471395275,721.0,snPATHOseq,CosMx_tumor,0,0
chr12,12,722,0.014057393200044501,0.0009941580607753238,722.0,snPATHOseq,CosMx_tumor,0,0
chr12,12,723,0.005146257483191842,0.0009211475124049267,723.0,snPATHOseq,CosMx_tumor,0,0
chr12,12,724,8.074157743431757e-05,7.707134256192282e-05,724.0,snPATHOseq,CosMx_tumor,0,0
chr12,12,725,-0.0006877954797578054,-0.00017438579578623792,725.0,snPATHOseq,CosMx_tumor,0,0
chr12,12,726,-0.0004954860955119058,-0.0002649590157547351,726.0,snPATHOseq,CosMx_tumor,0,0
chr12,12,727,0.0,-0.00022146491203170788,727.0,snPATHOseq,CosMx_tumor,0,0
chr12,12,728,0.0,-0.00015283802032112928,728.0,snPATHOseq,CosMx_tumor,0,0
chr12,12,729,0.0,-6.558552567854541e-05,729.0,snPATHOseq,CosMx_tumor,0,0
chr12,12,730,0.0,2.4647909252857966e-05,730.0,snPATHOseq,CosMx_tumor,0,0
chr12,12,731,0.0,0.00017935484480468528,731.0,snPATHOseq,CosMx_tumor,0,0
chr12,12,732,0.0,0.0004984756465497151,732.0,snPATHOseq,CosMx_tumor,0,0
chr12,12,733,0.0,0.0011636319652052621,733.0,snPATHOseq,CosMx_tumor,0,0
chr12,12,734,-2.4721188438028866e-05,0.001440605107601287,734.0,snPATHOseq,CosMx_tumor,0,0
chr12,12,735,-2.9876235543212264e-05,0.0016223119995626846,735.0,snPATHOseq,CosMx_tumor,0,0
chr12,12,736,0.0003028769428354781,0.00144604464755276,736.0,snPATHOseq,CosMx_tumor,0,0
chr12,12,737,9.712606677779586e-05,0.0011844365989611503,737.0,snPATHOseq,CosMx_tumor,0,0
chr12,12,738,-2.813833326680875e-05,0.0005598379424072576,738.0,snPATHOseq,CosMx_tumor,0,0
chr12,12,739,-2.489587096610495e-05,0.000389128188950712,739.0,snPATHOseq,CosMx_tumor,0,0
chr12,12,740,0.0,0.00023342589099007254,740.0,snPATHOseq,CosMx_tumor,0,0
chr12,12,741,-2.5771956045743855e-05,0.0003410207503287332,741.0,snPATHOseq,CosMx_tumor,0,0
chr12,12,742,-5.335229958270861e-05,0.0006667013874443913,742.0,snPATHOseq,CosMx_tumor,0,0
chr12,12,743,-0.00012775110883716644,0.0015125050670966316,743.0,snPATHOseq,CosMx_tumor,0,0
chr12,12,744,-0.0003256205670884009,0.0012186776540535483,744.0,snPATHOseq,CosMx_tumor,0,0
chr12,12,745,-0.00026818499461983005,0.0008191244141732372,745.0,snPATHOseq,CosMx_tumor,0,0
chr12,12,746,-0.00018666322264534996,0.00019306364781687403,746.0,snPATHOseq,CosMx_tumor,0,0
chr12,12,747,-0.0001631801755939417,-7.136939055178219e-05,747.0,snPATHOseq,CosMx_tumor,0,0
chr12,12,748,-0.00011021847300509045,-0.00017899636954587072,748.0,snPATHOseq,CosMx_tumor,0,0
chr12,12,749,2.56739131943435e-05,-0.00016308554956680573,749.0,snPATHOseq,CosMx_tumor,0,0
chr12,12,750,5.4451420241880436e-05,-9.713911929720034e-05,750.0,snPATHOseq,CosMx_tumor,0,0
chr12,12,751,5.552490866332186e-05,-1.0445743776423044e-05,751.0,snPATHOseq,CosMx_tumor,0,0
chr12,12,752,8.23792075412162e-05,3.6327322846092856e-05,752.0,snPATHOseq,CosMx_tumor,0,0
chr12,12,753,2.9354517904770326e-05,-6.211357755170403e-05,753.0,snPATHOseq,CosMx_tumor,0,0
chr12,12,754,0.0,-0.0002168733723735264,754.0,snPATHOseq,CosMx_tumor,0,0
chr12,12,755,0.0,-0.0003738696729726206,755.0,snPATHOseq,CosMx_tumor,0,0
chr12,12,756,0.0,-0.0005829197955314624,756.0,snPATHOseq,CosMx_tumor,0,0
chr12,12,757,-7.592329023471705e-05,-0.0006286265397938998,757.0,snPATHOseq,CosMx_tumor,0,0
chr12,12,758,-0.0060761842116902505,-0.0005090339200886498,758.0,snPATHOseq,CosMx_tumor,0,0
chr12,12,759,-0.013651565775767073,-0.0003725968051923359,759.0,snPATHOseq,CosMx_tumor,0,0
chr12,12,760,-0.019026616529060625,-0.00028608196096375176,760.0,snPATHOseq,CosMx_tumor,0,0
chr12,12,761,-0.024144711913472956,-0.00019743970704469397,761.0,snPATHOseq,CosMx_tumor,-1,0
chr12,12,762,-0.025578366177237653,-0.00012152000775658097,762.0,snPATHOseq,CosMx_tumor,-1,0
chr12,12,763,-0.020802108067641805,-2.5561381696487512e-05,763.0,snPATHOseq,CosMx_tumor,-1,0
chr12,12,764,-0.013778231430799863,0.00015777137329227005,764.0,snPATHOseq,CosMx_tumor,0,0
chr12,12,765,-0.002320278933163498,0.0006160869513960598,765.0,snPATHOseq,CosMx_tumor,0,0
chr12,12,766,-0.000186171322998158,0.0018192731217698968,766.0,snPATHOseq,CosMx_tumor,0,0
chr12,12,767,0.0,0.003475603537843268,767.0,snPATHOseq,CosMx_tumor,0,0
chr12,12,768,8.173738529718324e-05,0.0055670210438134166,768.0,snPATHOseq,CosMx_tumor,0,0
chr12,12,769,0.0006361020521348523,0.005465622123568274,769.0,snPATHOseq,CosMx_tumor,0,0
chr12,12,770,0.003199821090358822,0.0051651237368599235,770.0,snPATHOseq,CosMx_tumor,0,0
chr12,12,771,0.004021542891089377,0.004781034703888575,771.0,snPATHOseq,CosMx_tumor,0,0
chr12,12,772,0.0021942615157779293,0.0056271980151784825,772.0,snPATHOseq,CosMx_tumor,0,0
chr12,12,773,0.00031414184845214864,0.002499628832836886,773.0,snPATHOseq,CosMx_tumor,0,0
chr12,12,774,0.0,0.0014191982177023227,774.0,snPATHOseq,CosMx_tumor,0,0
chr12,12,775,0.0,0.0010530435663293272,775.0,snPATHOseq,CosMx_tumor,0,0
chr12,12,776,-2.4897157302747673e-05,0.0007770122056148423,776.0,snPATHOseq,CosMx_tumor,0,0
chr13,13,777,0.0024910763094188678,0.017918706414008303,777.0,snPATHOseq,CosMx_tumor,0,0
chr13,13,778,0.0010118968356114413,0.008300397332660612,778.0,snPATHOseq,CosMx_tumor,0,0
chr13,13,779,0.00010952629757850063,0.009197425149145521,779.0,snPATHOseq,CosMx_tumor,0,0
chr13,13,780,-0.0002907440651653226,0.012159636024665429,780.0,snPATHOseq,CosMx_tumor,0,0
chr13,13,781,-0.00040239800146396604,0.021563897012464535,781.0,snPATHOseq,CosMx_tumor,0,1
chr13,13,782,0.00022189280882358575,0.04648222407573672,782.0,snPATHOseq,CosMx_tumor,0,1
chr13,13,783,0.003836229575607505,0.06633694656157321,783.0,snPATHOseq,CosMx_tumor,0,1
chr13,13,784,0.010388636501456596,0.06842161999593072,784.0,snPATHOseq,CosMx_tumor,0,1
chr13,13,785,0.017312800411991895,0.06928126904612528,785.0,snPATHOseq,CosMx_tumor,0,1
chr13,13,786,0.023753853596259315,0.07276894782250497,786.0,snPATHOseq,CosMx_tumor,1,1
chr13,13,787,0.022606756729720835,0.06674457270578901,787.0,snPATHOseq,CosMx_tumor,1,1
chr13,13,788,0.01768080732755095,0.05616637987409184,788.0,snPATHOseq,CosMx_tumor,0,1
chr13,13,789,0.010244441860532498,0.05436584394557727,789.0,snPATHOseq,CosMx_tumor,0,1
chr13,13,790,0.002743107460107138,0.06262875598620313,790.0,snPATHOseq,CosMx_tumor,0,1
chr14,14,791,-0.002582782660549477,-0.054388309557923536,791.0,snPATHOseq,CosMx_tumor,0,-1
chr14,14,792,-0.0019614874674388364,-0.05559266053788171,792.0,snPATHOseq,CosMx_tumor,0,-1
chr14,14,793,-0.0018225549081377164,-0.05917631726638375,793.0,snPATHOseq,CosMx_tumor,0,-1
chr14,14,794,-0.0025942844829934955,-0.06033376212755248,794.0,snPATHOseq,CosMx_tumor,0,-1
chr14,14,795,-0.0040734492027371585,-0.055222489841015646,795.0,snPATHOseq,CosMx_tumor,0,-1
chr14,14,796,-0.007926431388931324,-0.05028052638221399,796.0,snPATHOseq,CosMx_tumor,0,-1
chr14,14,797,-0.012067159752917249,-0.04710426656370692,797.0,snPATHOseq,CosMx_tumor,0,-1
chr14,14,798,-0.01412332361570007,-0.04456599465552596,798.0,snPATHOseq,CosMx_tumor,0,-1
chr14,14,799,-0.014982575278717911,-0.047871046637979635,799.0,snPATHOseq,CosMx_tumor,0,-1
chr14,14,800,-0.015782211904316786,-0.054552205049231306,800.0,snPATHOseq,CosMx_tumor,0,-1
chr14,14,801,-0.012703341915807215,-0.05566060504909911,801.0,snPATHOseq,CosMx_tumor,0,-1
chr14,14,802,-0.009519502642057932,-0.05276480885309226,802.0,snPATHOseq,CosMx_tumor,0,-1
chr14,14,803,-0.007880013745765012,-0.04885626011381801,803.0,snPATHOseq,CosMx_tumor,0,-1
chr14,14,804,-0.0076287527348733305,-0.0414775584401163,804.0,snPATHOseq,CosMx_tumor,0,-1
chr14,14,805,-0.006708416069450018,-0.03391434722038273,805.0,snPATHOseq,CosMx_tumor,0,-1
chr14,14,806,-0.005590418318491361,-0.0307489250792278,806.0,snPATHOseq,CosMx_tumor,0,-1
chr14,14,807,-0.004316572050685829,-0.02907980083916117,807.0,snPATHOseq,CosMx_tumor,0,-1
chr14,14,808,-0.0031975022962228462,-0.025692301432543377,808.0,snPATHOseq,CosMx_tumor,0,-1
chr14,14,809,-0.0022774601376964886,-0.02297188805718292,809.0,snPATHOseq,CosMx_tumor,0,-1
chr14,14,810,-0.0020470445751923057,-0.02378394064721086,810.0,snPATHOseq,CosMx_tumor,0,-1
chr14,14,811,-0.0023697227990217584,-0.02748831120758982,811.0,snPATHOseq,CosMx_tumor,0,-1
chr14,14,812,-0.003557167623672267,-0.03599098024097025,812.0,snPATHOseq,CosMx_tumor,0,-1
chr14,14,813,-0.006685004843798885,-0.0535556785050127,813.0,snPATHOseq,CosMx_tumor,0,-1
chr14,14,814,-0.010392683235713714,-0.07189973578184354,814.0,snPATHOseq,CosMx_tumor,0,-1
chr14,14,815,-0.011977072907587613,-0.08172506246572817,815.0,snPATHOseq,CosMx_tumor,0,-1
chr14,14,816,-0.009697877756654509,-0.08338232649205647,816.0,snPATHOseq,CosMx_tumor,0,-1
chr14,14,817,-0.008059978066576512,-0.08055051640686098,817.0,snPATHOseq,CosMx_tumor,0,-1
chr14,14,818,-0.0065338042579674675,-0.07209310426197744,818.0,snPATHOseq,CosMx_tumor,0,-1
chr14,14,819,-0.006670045586374828,-0.06625723036547292,819.0,snPATHOseq,CosMx_tumor,0,-1
chr14,14,820,-0.007594683721141728,-0.06452800421736839,820.0,snPATHOseq,CosMx_tumor,0,-1
chr14,14,821,-0.008606848946400838,-0.06155596190768408,821.0,snPATHOseq,CosMx_tumor,0,-1
chr14,14,822,-0.00813396821453187,-0.05646536397562072,822.0,snPATHOseq,CosMx_tumor,0,-1
chr14,14,823,-0.008086405593332482,-0.05007903599297552,823.0,snPATHOseq,CosMx_tumor,0,-1
chr14,14,824,-0.009266860960066264,-0.04203414114426412,824.0,snPATHOseq,CosMx_tumor,0,-1
chr14,14,825,-0.011159000592152789,-0.03674982200471614,825.0,snPATHOseq,CosMx_tumor,0,-1
chr14,14,826,-0.010428521065854825,-0.03494432775882489,826.0,snPATHOseq,CosMx_tumor,0,-1
chr14,14,827,-0.009590043795452183,-0.038619747392134494,827.0,snPATHOseq,CosMx_tumor,0,-1
chr15,15,828,0.002451042375850461,0.001162076006709019,828.0,snPATHOseq,CosMx_tumor,0,0
chr15,15,829,0.003773793932051433,0.001395343656343878,829.0,snPATHOseq,CosMx_tumor,0,0
chr15,15,830,0.003455746395426715,0.0015757100200457883,830.0,snPATHOseq,CosMx_tumor,0,0
chr15,15,831,0.004154232773349603,0.001977320215313373,831.0,snPATHOseq,CosMx_tumor,0,0
chr15,15,832,0.005779529384683376,0.0022740127738784905,832.0,snPATHOseq,CosMx_tumor,0,0
chr15,15,833,0.007947435688996913,0.0004692017829577928,833.0,snPATHOseq,CosMx_tumor,0,0
chr15,15,834,0.010923987209827865,-0.0002642192064168118,834.0,snPATHOseq,CosMx_tumor,0,0
chr15,15,835,0.014675408979352355,-0.0015748968193974918,835.0,snPATHOseq,CosMx_tumor,0,0
chr15,15,836,0.010973476979398818,-0.0067922044324738,836.0,snPATHOseq,CosMx_tumor,0,0
chr15,15,837,0.004228594445531712,-0.009739964697316137,837.0,snPATHOseq,CosMx_tumor,0,0
chr15,15,838,-0.00021826526891892788,-0.00994454062324223,838.0,snPATHOseq,CosMx_tumor,0,0
chr15,15,839,-0.0013631566689195115,-0.010540055893249507,839.0,snPATHOseq,CosMx_tumor,0,0
chr15,15,840,-0.0016124259715318747,-0.010885984406560889,840.0,snPATHOseq,CosMx_tumor,0,0
chr15,15,841,-0.000493463930447604,-0.008434685545383947,841.0,snPATHOseq,CosMx_tumor,0,0
chr15,15,842,-4.5025673254245394e-05,-0.007413493635892979,842.0,snPATHOseq,CosMx_tumor,0,0
chr15,15,843,0.00016781141783504358,-0.00790209065572292,843.0,snPATHOseq,CosMx_tumor,0,0
chr15,15,844,-7.548589837909029e-05,-0.009528120008521226,844.0,snPATHOseq,CosMx_tumor,0,0
chr15,15,845,-5.001975178920284e-05,-0.01235344253294691,845.0,snPATHOseq,CosMx_tumor,0,0
chr15,15,846,-2.5111333665432002e-05,-0.0149650718472457,846.0,snPATHOseq,CosMx_tumor,0,0
chr15,15,847,-0.0001496665036578313,-0.01787943724220509,847.0,snPATHOseq,CosMx_tumor,0,0
chr15,15,848,-0.00028051732004493856,-0.01942423418369524,848.0,snPATHOseq,CosMx_tumor,0,-1
chr15,15,849,-0.00015024273952979496,-0.01921443429089977,849.0,snPATHOseq,CosMx_tumor,0,-1
chr15,15,850,-5.127768037382347e-05,-0.01780067219344963,850.0,snPATHOseq,CosMx_tumor,0,0
chr15,15,851,-5.4840224222060424e-05,-0.01800843626924717,851.0,snPATHOseq,CosMx_tumor,0,0
chr15,15,852,-8.198693234550342e-05,-0.01681949231944705,852.0,snPATHOseq,CosMx_tumor,0,0
chr15,15,853,-0.00012900715190331116,-0.016121058777061093,853.0,snPATHOseq,CosMx_tumor,0,0
chr15,15,854,-5.083890811802523e-05,-0.015619054116137213,854.0,snPATHOseq,CosMx_tumor,0,0
chr15,15,855,0.0,-0.016475298156769465,855.0,snPATHOseq,CosMx_tumor,0,0
chr15,15,856,0.0,-0.01925947952608872,856.0,snPATHOseq,CosMx_tumor,0,-1
chr15,15,857,-0.00020450270072621117,-0.023888827533112063,857.0,snPATHOseq,CosMx_tumor,0,-1
chr15,15,858,-0.0009812034416432527,-0.02731056666882765,858.0,snPATHOseq,CosMx_tumor,0,-1
chr15,15,859,-0.0022521534150436355,-0.030893871706737217,859.0,snPATHOseq,CosMx_tumor,0,-1
chr15,15,860,-0.004252766205307266,-0.03352060691477329,860.0,snPATHOseq,CosMx_tumor,0,-1
chr15,15,861,-0.002680288249582806,-0.03247050803200211,861.0,snPATHOseq,CosMx_tumor,0,-1
chr16,16,862,0.003293756571908741,0.0023701852782881516,862.0,snPATHOseq,CosMx_tumor,0,0
chr16,16,863,0.003875623217226644,0.0018657964154747406,863.0,snPATHOseq,CosMx_tumor,0,0
chr16,16,864,0.0031214763740672826,0.0013986510672901083,864.0,snPATHOseq,CosMx_tumor,0,0
chr16,16,865,0.002535580267594165,0.0010881785403235138,865.0,snPATHOseq,CosMx_tumor,0,0
chr16,16,866,0.002221545187327315,0.0008947892627569617,866.0,snPATHOseq,CosMx_tumor,0,0
chr16,16,867,0.0029287272124789675,0.0006856500468586377,867.0,snPATHOseq,CosMx_tumor,0,0
chr16,16,868,0.0011982514748808207,0.0005509561261493777,868.0,snPATHOseq,CosMx_tumor,0,0
chr16,16,869,0.0004728829928249806,0.0005338902282902249,869.0,snPATHOseq,CosMx_tumor,0,0
chr16,16,870,0.00011699711059080087,0.0005217872199276861,870.0,snPATHOseq,CosMx_tumor,0,0
chr16,16,871,3.326343923219138e-05,0.0006352062018579861,871.0,snPATHOseq,CosMx_tumor,0,0
chr16,16,872,5.6435532578099844e-05,0.0007985485084060713,872.0,snPATHOseq,CosMx_tumor,0,0
chr16,16,873,0.0,0.0008179107879099275,873.0,snPATHOseq,CosMx_tumor,0,0
chr16,16,874,0.0,0.0008590683874452553,874.0,snPATHOseq,CosMx_tumor,0,0
chr16,16,875,0.0,0.0010808634941415758,875.0,snPATHOseq,CosMx_tumor,0,0
chr16,16,876,0.0,0.0007571796461993372,876.0,snPATHOseq,CosMx_tumor,0,0
chr16,16,877,5.279872979046173e-05,0.00040193825178066567,877.0,snPATHOseq,CosMx_tumor,0,0
chr16,16,878,5.7425829039223325e-05,0.00030264071572805735,878.0,snPATHOseq,CosMx_tumor,0,0
chr16,16,879,0.0005166353503596867,0.00023492256493511633,879.0,snPATHOseq,CosMx_tumor,0,0
chr16,16,880,0.0005795158125796424,0.00025798339156222247,880.0,snPATHOseq,CosMx_tumor,0,0
chr16,16,881,0.0005793599039027069,0.0004458886044037334,881.0,snPATHOseq,CosMx_tumor,0,0
chr16,16,882,0.0011598144247522992,0.0008542693392955999,882.0,snPATHOseq,CosMx_tumor,0,0
chr16,16,883,0.0012101154193712702,0.0009978242215208355,883.0,snPATHOseq,CosMx_tumor,0,0
chr16,16,884,0.0005165233820625874,0.0010906597705244224,884.0,snPATHOseq,CosMx_tumor,0,0
chr16,16,885,0.0002634327379669785,0.0008789492552830828,885.0,snPATHOseq,CosMx_tumor,0,0
chr16,16,886,7.502064068228172e-05,0.0004792919173413098,886.0,snPATHOseq,CosMx_tumor,0,0
chr16,16,887,0.0,0.0002450304990236491,887.0,snPATHOseq,CosMx_tumor,0,0
chr16,16,888,2.629819654599636e-05,8.742718974104665e-05,888.0,snPATHOseq,CosMx_tumor,0,0
chr16,16,889,2.5237260949413657e-05,-4.738543101553872e-05,889.0,snPATHOseq,CosMx_tumor,0,0
chr16,16,890,-2.7487102901173066e-05,-0.0002194332969469791,890.0,snPATHOseq,CosMx_tumor,0,0
chr16,16,891,-0.00013116279679464157,-0.0005112455628269359,891.0,snPATHOseq,CosMx_tumor,0,0
chr16,16,892,-0.00015479382649780836,-0.002268604293442647,892.0,snPATHOseq,CosMx_tumor,0,0
chr16,16,893,-7.63759083980411e-05,-0.0072626792800981515,893.0,snPATHOseq,CosMx_tumor,0,0
chr16,16,894,-2.7226452390344132e-05,-0.012848763237339031,894.0,snPATHOseq,CosMx_tumor,0,0
chr16,16,895,0.0,-0.004331533770201661,895.0,snPATHOseq,CosMx_tumor,0,0
chr16,16,896,0.00013728498252013992,-0.00030027214256450575,896.0,snPATHOseq,CosMx_tumor,0,0
chr16,16,897,0.001909106540904012,0.0003465827009119043,897.0,snPATHOseq,CosMx_tumor,0,0
chr16,16,898,0.00919866124642836,0.0008012733366046864,898.0,snPATHOseq,CosMx_tumor,0,0
chr16,16,899,0.018304741685329202,0.001892211374243615,899.0,snPATHOseq,CosMx_tumor,0,0
chr16,16,900,0.025244180502987778,0.003341743603071309,900.0,snPATHOseq,CosMx_tumor,1,0
chr16,16,901,0.0252391597991389,0.0035233629185339997,901.0,snPATHOseq,CosMx_tumor,1,0
chr16,16,902,0.022285707336711827,0.003135894999757719,902.0,snPATHOseq,CosMx_tumor,1,0
chr16,16,903,0.019428596756263638,0.0028156773636543397,903.0,snPATHOseq,CosMx_tumor,0,0
chr16,16,904,0.018049847621676145,0.0026467225421816986,904.0,snPATHOseq,CosMx_tumor,0,0
chr16,16,905,0.013476972033958878,0.0028463631228594303,905.0,snPATHOseq,CosMx_tumor,0,0
chr16,16,906,0.005540869217674954,0.0031280445087229877,906.0,snPATHOseq,CosMx_tumor,0,0
chr16,16,907,0.002408133374294169,0.002803226196501697,907.0,snPATHOseq,CosMx_tumor,0,0
chr16,16,908,0.0010068511685573033,0.0018486037349016386,908.0,snPATHOseq,CosMx_tumor,0,0
chr16,16,909,0.00018129430418628085,0.0011518326913193986,909.0,snPATHOseq,CosMx_tumor,0,0
chr16,16,910,0.0,0.0005343521420569934,910.0,snPATHOseq,CosMx_tumor,0,0
chr16,16,911,0.0,6.798204658069903e-05,911.0,snPATHOseq,CosMx_tumor,0,0
chr16,16,912,0.0,-4.938421023406361e-05,912.0,snPATHOseq,CosMx_tumor,0,0
chr16,16,913,-2.5162959879384196e-05,-4.292656194068953e-05,913.0,snPATHOseq,CosMx_tumor,0,0
chr16,16,914,-2.3227229312965795e-05,-2.1833310778021714e-05,914.0,snPATHOseq,CosMx_tumor,0,0
chr17,17,915,0.00546748043146182,0.0010084746995702564,915.0,snPATHOseq,CosMx_tumor,0,0
chr17,17,916,0.0033607482225783978,0.0014688794800318088,916.0,snPATHOseq,CosMx_tumor,0,0
chr17,17,917,0.001987980272678875,0.0029163008970686465,917.0,snPATHOseq,CosMx_tumor,0,0
chr17,17,918,0.0010510634712728117,0.0019786392982404973,918.0,snPATHOseq,CosMx_tumor,0,0
chr17,17,919,0.0004381735484175031,0.0014470153493910535,919.0,snPATHOseq,CosMx_tumor,0,0
chr17,17,920,0.00017285346037559284,0.0012544653626469747,920.0,snPATHOseq,CosMx_tumor,0,0
chr17,17,921,7.424634043284605e-05,0.0011161783866129639,921.0,snPATHOseq,CosMx_tumor,0,0
chr17,17,922,0.0,0.0006532662416908593,922.0,snPATHOseq,CosMx_tumor,0,0
chr17,17,923,0.0,0.00039892603175267197,923.0,snPATHOseq,CosMx_tumor,0,0
chr17,17,924,0.0,-1.286449097407511e-05,924.0,snPATHOseq,CosMx_tumor,0,0
chr17,17,925,0.0,-0.0003255656520474083,925.0,snPATHOseq,CosMx_tumor,0,0
chr17,17,926,0.0,-0.00032599631244549255,926.0,snPATHOseq,CosMx_tumor,0,0
chr17,17,927,0.0,-0.00012105735638623957,927.0,snPATHOseq,CosMx_tumor,0,0
chr17,17,928,0.0,4.762148711221095e-05,928.0,snPATHOseq,CosMx_tumor,0,0
chr17,17,929,8.19515236009685e-05,0.00021470019215072498,929.0,snPATHOseq,CosMx_tumor,0,0
chr17,17,930,0.00019244712376047853,0.0003768250768673721,930.0,snPATHOseq,CosMx_tumor,0,0
chr17,17,931,0.00022425622167425953,0.0006366362134121137,931.0,snPATHOseq,CosMx_tumor,0,0
chr17,17,932,0.00011295534333460659,0.001046007597383419,932.0,snPATHOseq,CosMx_tumor,0,0
chr17,17,933,3.094150553753608e-05,0.001275560854583838,933.0,snPATHOseq,CosMx_tumor,0,0
chr17,17,934,2.528634608240201e-05,0.0016598325520006264,934.0,snPATHOseq,CosMx_tumor,0,0
chr17,17,935,0.0,0.001377030311828349,935.0,snPATHOseq,CosMx_tumor,0,0
chr17,17,936,0.0,0.0009497372943675043,936.0,snPATHOseq,CosMx_tumor,0,0
chr17,17,937,0.0,0.0004288653367581254,937.0,snPATHOseq,CosMx_tumor,0,0
chr17,17,938,-2.4959876293854563e-05,0.00012894394073371845,938.0,snPATHOseq,CosMx_tumor,0,0
chr17,17,939,0.0,-4.886122290413638e-05,939.0,snPATHOseq,CosMx_tumor,0,0
chr17,17,940,-2.5444786735478148e-05,-0.00011952872828554683,940.0,snPATHOseq,CosMx_tumor,0,0
chr17,17,941,-5.025631924790441e-05,-0.00016743454345660735,941.0,snPATHOseq,CosMx_tumor,0,0
chr17,17,942,-0.00020336033053123376,-0.00020468799665237543,942.0,snPATHOseq,CosMx_tumor,0,0
chr17,17,943,0.0,-0.00010204165079112484,943.0,snPATHOseq,CosMx_tumor,0,0
chr17,17,944,0.0005287370320395812,0.0001634369492245582,944.0,snPATHOseq,CosMx_tumor,0,0
chr17,17,945,0.00532328613072485,0.0007620622346643914,945.0,snPATHOseq,CosMx_tumor,0,0
chr17,17,946,0.01576972545004473,0.002553437080837152,946.0,snPATHOseq,CosMx_tumor,0,0
chr17,17,947,0.02871468013766507,0.009087989986849397,947.0,snPATHOseq,CosMx_tumor,1,0
chr17,17,948,0.03068979993778547,0.017814737035965398,948.0,snPATHOseq,CosMx_tumor,1,0
chr17,17,949,0.027994457090698043,0.020950054335741715,949.0,snPATHOseq,CosMx_tumor,1,1
chr17,17,950,0.022424503383569563,0.01968212836170635,950.0,snPATHOseq,CosMx_tumor,1,1
chr17,17,951,0.01735175918602,0.013516289862823182,951.0,snPATHOseq,CosMx_tumor,0,0
chr17,17,952,0.008557602386515704,0.003144211777958778,952.0,snPATHOseq,CosMx_tumor,0,0
chr17,17,953,0.0019557194597338606,0.0007485649536111695,953.0,snPATHOseq,CosMx_tumor,0,0
chr17,17,954,0.00021279636600823843,0.00042473894820752993,954.0,snPATHOseq,CosMx_tumor,0,0
chr17,17,955,0.0010402047250467432,0.000390663466723652,955.0,snPATHOseq,CosMx_tumor,0,0
chr17,17,956,0.0010795157023063937,0.0003226238116538147,956.0,snPATHOseq,CosMx_tumor,0,0
chr17,17,957,0.0006859874827820111,0.0003170775163243168,957.0,snPATHOseq,CosMx_tumor,0,0
chr17,17,958,0.00023531543864334397,0.00048620369568657144,958.0,snPATHOseq,CosMx_tumor,0,0
chr17,17,959,0.0003218788528975843,0.0009540694938319645,959.0,snPATHOseq,CosMx_tumor,0,0
chr17,17,960,0.0009989763266290547,0.0014668860245241892,960.0,snPATHOseq,CosMx_tumor,0,0
chr17,17,961,0.0043519700219524,0.001988202490320419,961.0,snPATHOseq,CosMx_tumor,0,0
chr17,17,962,0.011629530318590035,0.0030859160765053795,962.0,snPATHOseq,CosMx_tumor,0,0
chr17,17,963,0.013773306509434822,0.003581147744081163,963.0,snPATHOseq,CosMx_tumor,0,0
chr17,17,964,0.008814617987303958,0.0027926027219672784,964.0,snPATHOseq,CosMx_tumor,0,0
chr17,17,965,0.006250155226906481,0.0026207836464573254,965.0,snPATHOseq,CosMx_tumor,0,0
chr17,17,966,0.004017982700541777,0.0035772174966623932,966.0,snPATHOseq,CosMx_tumor,0,0
chr17,17,967,0.002573775534425358,0.005115957927806324,967.0,snPATHOseq,CosMx_tumor,0,0
chr17,17,968,0.0028826734320970995,0.0076030244580943835,968.0,snPATHOseq,CosMx_tumor,0,0
chr17,17,969,0.005065928061795798,0.01190624974083512,969.0,snPATHOseq,CosMx_tumor,0,0
chr17,17,970,0.004633631561002107,0.010226291690285334,970.0,snPATHOseq,CosMx_tumor,0,0
chr17,17,971,0.000540350142120125,0.003953997387162343,971.0,snPATHOseq,CosMx_tumor,0,0
chr17,17,972,-0.0018940296229787927,0.001401548725196427,972.0,snPATHOseq,CosMx_tumor,0,0
chr17,17,973,-0.0080409362030412,0.000811848768579998,973.0,snPATHOseq,CosMx_tumor,0,0
chr17,17,974,-0.016421804803721497,0.00047217080354258555,974.0,snPATHOseq,CosMx_tumor,0,0
chr17,17,975,-0.01811904709344922,0.0003495380342087073,975.0,snPATHOseq,CosMx_tumor,0,0
chr17,17,976,-0.009089442374264275,0.000422368647260411,976.0,snPATHOseq,CosMx_tumor,0,0
chr17,17,977,-0.0006285754763543253,0.0005635530789792084,977.0,snPATHOseq,CosMx_tumor,0,0
chr17,17,978,0.0,0.0010760439420127148,978.0,snPATHOseq,CosMx_tumor,0,0
chr17,17,979,0.0,0.0015838446416056651,979.0,snPATHOseq,CosMx_tumor,0,0
chr17,17,980,0.00015117498262071593,0.0023712218735117054,980.0,snPATHOseq,CosMx_tumor,0,0
chr17,17,981,0.004055981063708593,0.0031425447761699856,981.0,snPATHOseq,CosMx_tumor,0,0
chr17,17,982,0.006309995404192258,0.0030761836600375703,982.0,snPATHOseq,CosMx_tumor,0,0
chr17,17,983,0.005053084790603417,0.002396343469644151,983.0,snPATHOseq,CosMx_tumor,0,0
chr17,17,984,0.0009547799112908252,0.0016069044530168473,984.0,snPATHOseq,CosMx_tumor,0,0
chr17,17,985,0.0,0.0009673913081896529,985.0,snPATHOseq,CosMx_tumor,0,0
chr17,17,986,0.0,0.0013901732596833794,986.0,snPATHOseq,CosMx_tumor,0,0
chr17,17,987,2.468748722912652e-05,0.003237468564310105,987.0,snPATHOseq,CosMx_tumor,0,0
chr17,17,988,-0.0001140010565083343,0.0057530535988367425,988.0,snPATHOseq,CosMx_tumor,0,0
chr18,18,989,-0.001139309919929163,-0.038195567444716846,989.0,snPATHOseq,CosMx_tumor,0,-1
chr18,18,990,-0.0002932261792531069,-0.03326743425425532,990.0,snPATHOseq,CosMx_tumor,0,-1
chr18,18,991,-0.0002098589792053532,-0.028273452992912222,991.0,snPATHOseq,CosMx_tumor,0,-1
chr18,18,992,-5.8827932808172594e-05,-0.019848079648537784,992.0,snPATHOseq,CosMx_tumor,0,-1
chr18,18,993,-0.00010898247813838173,-0.01724112047245838,993.0,snPATHOseq,CosMx_tumor,0,0
chr18,18,994,-0.00021693259458001917,-0.015709562652579605,994.0,snPATHOseq,CosMx_tumor,0,0
chr18,18,995,-0.0012437989262586216,-0.019079500685766727,995.0,snPATHOseq,CosMx_tumor,0,-1
chr18,18,996,-0.0027782951412381614,-0.025695772848052193,996.0,snPATHOseq,CosMx_tumor,0,-1
chr18,18,997,-0.006526632725243411,-0.038728653813548605,997.0,snPATHOseq,CosMx_tumor,0,-1
chr18,18,998,-0.009467378142672627,-0.04913417238742893,998.0,snPATHOseq,CosMx_tumor,0,-1
chr19,19,999,0.012506857805414459,0.09713794943160045,999.0,snPATHOseq,CosMx_tumor,0,1
chr19,19,1000,0.019022009348484727,0.09366270355439492,1000.0,snPATHOseq,CosMx_tumor,0,1
chr19,19,1001,0.023479254802295943,0.07463000842349397,1001.0,snPATHOseq,CosMx_tumor,1,1
chr19,19,1002,0.02644867104136528,0.05115771701519125,1002.0,snPATHOseq,CosMx_tumor,1,1
chr19,19,1003,0.029341619775438036,0.03696470006664309,1003.0,snPATHOseq,CosMx_tumor,1,1
chr19,19,1004,0.029233475433047405,0.027638159790225703,1004.0,snPATHOseq,CosMx_tumor,1,1
chr19,19,1005,0.02402615933332647,0.01645864144523389,1005.0,snPATHOseq,CosMx_tumor,1,0
chr19,19,1006,0.02029630190201676,0.014363378957874753,1006.0,snPATHOseq,CosMx_tumor,1,0
chr19,19,1007,0.01960196413144226,0.013989644334508508,1007.0,snPATHOseq,CosMx_tumor,0,0
chr19,19,1008,0.014700283735544559,0.008451225706455661,1008.0,snPATHOseq,CosMx_tumor,0,0
chr19,19,1009,0.007344039442959552,0.003459669328491284,1009.0,snPATHOseq,CosMx_tumor,0,0
chr19,19,1010,0.004157841578662106,0.0020640525509360366,1010.0,snPATHOseq,CosMx_tumor,0,0
chr19,19,1011,0.0011074126125680166,0.0005364167654121817,1011.0,snPATHOseq,CosMx_tumor,0,0
chr19,19,1012,-0.00010782177163351285,-3.6334432917053254e-05,1012.0,snPATHOseq,CosMx_tumor,0,0
chr19,19,1013,-0.00039710251300060785,-3.506552534355263e-06,1013.0,snPATHOseq,CosMx_tumor,0,0
chr19,19,1014,-0.000318624114443403,0.0004162636716025619,1014.0,snPATHOseq,CosMx_tumor,0,0
chr19,19,1015,-2.6060698284686436e-05,0.001278480664599724,1015.0,snPATHOseq,CosMx_tumor,0,0
chr19,19,1016,0.00047507313330112454,0.004351832800005055,1016.0,snPATHOseq,CosMx_tumor,0,0
chr19,19,1017,0.0011392510076602329,0.008912477381504224,1017.0,snPATHOseq,CosMx_tumor,0,0
chr19,19,1018,0.001410425070280634,0.010005168099565354,1018.0,snPATHOseq,CosMx_tumor,0,0
chr19,19,1019,0.000984968772877225,0.008628012798384526,1019.0,snPATHOseq,CosMx_tumor,0,0
chr19,19,1020,0.0012976141230573613,0.0111015953706049,1020.0,snPATHOseq,CosMx_tumor,0,0
chr19,19,1021,0.0019398793390206298,0.015959029711385016,1021.0,snPATHOseq,CosMx_tumor,0,0
chr19,19,1022,0.005374920947623795,0.03135119968576983,1022.0,snPATHOseq,CosMx_tumor,0,1
chr19,19,1023,0.0157766906663512,0.05846597469728691,1023.0,snPATHOseq,CosMx_tumor,0,1
chr19,19,1024,0.024468708934079632,0.07760248591203762,1024.0,snPATHOseq,CosMx_tumor,1,1
chr19,19,1025,0.02744774623874148,0.07646394307684634,1025.0,snPATHOseq,CosMx_tumor,1,1
chr19,19,1026,0.027812698178089536,0.06903042704040979,1026.0,snPATHOseq,CosMx_tumor,1,1
chr19,19,1027,0.021410765945086754,0.037359768730539686,1027.0,snPATHOseq,CosMx_tumor,1,1
chr19,19,1028,0.00946536448636828,0.012621315346297762,1028.0,snPATHOseq,CosMx_tumor,0,0
chr19,19,1029,0.0014938125820687608,0.003122261616170181,1029.0,snPATHOseq,CosMx_tumor,0,0
chr19,19,1030,0.0005711893794755784,0.0024075874372331,1030.0,snPATHOseq,CosMx_tumor,0,0
chr19,19,1031,0.0004578479778733373,0.00412964292121918,1031.0,snPATHOseq,CosMx_tumor,0,0
chr19,19,1032,0.002246652589663315,0.012966191772845328,1032.0,snPATHOseq,CosMx_tumor,0,0
chr19,19,1033,0.004820305698192784,0.02266621742065989,1033.0,snPATHOseq,CosMx_tumor,0,1
chr19,19,1034,0.004754954242176207,0.02646038278518585,1034.0,snPATHOseq,CosMx_tumor,0,1
chr19,19,1035,0.0017164197935626473,0.013480136679833651,1035.0,snPATHOseq,CosMx_tumor,0,0
chr19,19,1036,0.00033050647526852684,0.0036930121782741136,1036.0,snPATHOseq,CosMx_tumor,0,0
chr19,19,1037,0.00024749176408712063,0.0008574465123142172,1037.0,snPATHOseq,CosMx_tumor,0,0
chr19,19,1038,7.541329778493952e-05,0.00015492538718464644,1038.0,snPATHOseq,CosMx_tumor,0,0
chr19,19,1039,0.00044694489237912877,1.9253938526495777e-05,1039.0,snPATHOseq,CosMx_tumor,0,0
chr19,19,1040,0.006066413100148047,5.935476370630077e-05,1040.0,snPATHOseq,CosMx_tumor,0,0
chr19,19,1041,0.012747595208762886,0.00045887187564712216,1041.0,snPATHOseq,CosMx_tumor,0,0
chr19,19,1042,0.013302042863456051,0.0016906808166444337,1042.0,snPATHOseq,CosMx_tumor,0,0
chr19,19,1043,0.013775458934364507,0.003404266869356814,1043.0,snPATHOseq,CosMx_tumor,0,0
chr19,19,1044,0.008976777169451073,0.0012693003783601818,1044.0,snPATHOseq,CosMx_tumor,0,0
chr19,19,1045,0.004244851872255533,5.137779749273478e-05,1045.0,snPATHOseq,CosMx_tumor,0,0
chr19,19,1046,0.001051365412762674,-1.699875613193663e-06,1046.0,snPATHOseq,CosMx_tumor,0,0
chr19,19,1047,0.0005340946496039516,0.00027833265027249417,1047.0,snPATHOseq,CosMx_tumor,0,0
chr19,19,1048,0.0006400614772988697,0.0006351883359927717,1048.0,snPATHOseq,CosMx_tumor,0,0
chr19,19,1049,0.004635910413064858,0.0024201574611555548,1049.0,snPATHOseq,CosMx_tumor,0,0
chr19,19,1050,0.010442013751945497,0.007036440029021863,1050.0,snPATHOseq,CosMx_tumor,0,0
chr19,19,1051,0.01281712500524086,0.00939747569038139,1051.0,snPATHOseq,CosMx_tumor,0,0
chr19,19,1052,0.009013566552175913,0.0039131102239724274,1052.0,snPATHOseq,CosMx_tumor,0,0
chr19,19,1053,0.009884760846283902,0.004920877274910527,1053.0,snPATHOseq,CosMx_tumor,0,0
chr19,19,1054,0.009903352504285149,0.007251479500328134,1054.0,snPATHOseq,CosMx_tumor,0,0
chr19,19,1055,0.012241928665130365,0.013351168516766645,1055.0,snPATHOseq,CosMx_tumor,0,0
chr19,19,1056,0.01840919140948648,0.024352040680487633,1056.0,snPATHOseq,CosMx_tumor,0,1
chr19,19,1057,0.027672488241612964,0.03753093858359224,1057.0,snPATHOseq,CosMx_tumor,1,1
chr19,19,1058,0.02891075661553742,0.035616047909175906,1058.0,snPATHOseq,CosMx_tumor,1,1
chr19,19,1059,0.028508413206978868,0.029222636136299714,1059.0,snPATHOseq,CosMx_tumor,1,1
chr19,19,1060,0.02301660079457533,0.02013829003433568,1060.0,snPATHOseq,CosMx_tumor,1,1
chr19,19,1061,0.014819982341458154,0.010920053012076986,1061.0,snPATHOseq,CosMx_tumor,0,0
chr19,19,1062,0.0060609789852440876,0.007252926223388955,1062.0,snPATHOseq,CosMx_tumor,0,0
chr19,19,1063,0.001578141236255717,0.006171300047952167,1063.0,snPATHOseq,CosMx_tumor,0,0
chr19,19,1064,0.0003793974842505888,0.005717193563094386,1064.0,snPATHOseq,CosMx_tumor,0,0
chr19,19,1065,0.00023417185069679432,0.005181186401509158,1065.0,snPATHOseq,CosMx_tumor,0,0
chr19,19,1066,0.0003511278079522751,0.004355781577695451,1066.0,snPATHOseq,CosMx_tumor,0,0
chr19,19,1067,0.0007070481764564042,0.003875467055464766,1067.0,snPATHOseq,CosMx_tumor,0,0
chr19,19,1068,0.0012472598183764063,0.004385838523483074,1068.0,snPATHOseq,CosMx_tumor,0,0
chr19,19,1069,0.002488899027216981,0.005187283894003565,1069.0,snPATHOseq,CosMx_tumor,0,0
chr19,19,1070,0.006078919347218202,0.00810643088466295,1070.0,snPATHOseq,CosMx_tumor,0,0
chr19,19,1071,0.009229278412350968,0.012170816227055849,1071.0,snPATHOseq,CosMx_tumor,0,0
chr19,19,1072,0.008287996693898245,0.016218552081145508,1072.0,snPATHOseq,CosMx_tumor,0,0
chr19,19,1073,0.008573661439384836,0.01842963610729978,1073.0,snPATHOseq,CosMx_tumor,0,0
chr19,19,1074,0.008626321881412895,0.016832123409499994,1074.0,snPATHOseq,CosMx_tumor,0,0
chr19,19,1075,0.007332541328309445,0.009460875986640306,1075.0,snPATHOseq,CosMx_tumor,0,0
chr19,19,1076,0.004570131129156829,0.00276415127630823,1076.0,snPATHOseq,CosMx_tumor,0,0
chr19,19,1077,0.0010022588316539035,0.0003497915629876639,1077.0,snPATHOseq,CosMx_tumor,0,0
chr19,19,1078,0.0,-0.00032693848972188536,1078.0,snPATHOseq,CosMx_tumor,0,0
chr19,19,1079,0.0,-0.0018807596518817839,1079.0,snPATHOseq,CosMx_tumor,0,0
chr19,19,1080,0.0,-0.0031408554094541673,1080.0,snPATHOseq,CosMx_tumor,0,0
chr19,19,1081,0.0,-0.0022765491028896526,1081.0,snPATHOseq,CosMx_tumor,0,0
chr19,19,1082,-0.00020013881737598134,-0.0012549263244741047,1082.0,snPATHOseq,CosMx_tumor,0,0
chr19,19,1083,-9.843865636920955e-05,-0.00042559568318342115,1083.0,snPATHOseq,CosMx_tumor,0,0
chr19,19,1084,4.878943668501171e-05,-0.00020900490071664143,1084.0,snPATHOseq,CosMx_tumor,0,0
chr19,19,1085,0.0021566425384584747,-0.00015548239485480312,1085.0,snPATHOseq,CosMx_tumor,0,0
chr19,19,1086,0.003940622778214531,-0.00014880468481491432,1086.0,snPATHOseq,CosMx_tumor,0,0
chr19,19,1087,0.004934667912679415,-0.00019931960035504936,1087.0,snPATHOseq,CosMx_tumor,0,0
chr19,19,1088,0.0028129956299211972,-0.00037337100107842034,1088.0,snPATHOseq,CosMx_tumor,0,0
chr19,19,1089,0.0,-0.0006271668628983729,1089.0,snPATHOseq,CosMx_tumor,0,0
chr20,20,1090,-0.003576809308046064,-0.04834509774035084,1090.0,snPATHOseq,CosMx_tumor,0,-1
chr20,20,1091,-0.0014546893996261088,-0.041002014697740646,1091.0,snPATHOseq,CosMx_tumor,0,-1
chr20,20,1092,-0.0003713340464278051,-0.03908437061664323,1092.0,snPATHOseq,CosMx_tumor,0,-1
chr20,20,1093,7.783971769207532e-05,-0.021246702920883185,1093.0,snPATHOseq,CosMx_tumor,0,-1
chr20,20,1094,0.0013683193479108926,-0.0049049307990272715,1094.0,snPATHOseq,CosMx_tumor,0,0
chr20,20,1095,0.012748442386915854,0.00012856851342602144,1095.0,snPATHOseq,CosMx_tumor,0,0
chr20,20,1096,0.028519063926284605,0.024419331743008435,1096.0,snPATHOseq,CosMx_tumor,1,1
chr20,20,1097,0.04628931225741987,0.11446188205643579,1097.0,snPATHOseq,CosMx_tumor,1,1
chr20,20,1098,0.06170078832338112,0.19940218334279777,1098.0,snPATHOseq,CosMx_tumor,1,1
chr20,20,1099,0.07616240683913576,0.2628277505906555,1099.0,snPATHOseq,CosMx_tumor,1,1
chr20,20,1100,0.08504511203680924,0.31130012471174284,1100.0,snPATHOseq,CosMx_tumor,1,1
chr20,20,1101,0.08865629761724597,0.3433158226140895,1101.0,snPATHOseq,CosMx_tumor,1,1
chr20,20,1102,0.08628599846003181,0.339409898648648,1102.0,snPATHOseq,CosMx_tumor,1,1
chr20,20,1103,0.08040229246333438,0.32001005858717746,1103.0,snPATHOseq,CosMx_tumor,1,1
chr20,20,1104,0.06984912619028048,0.29091353513861584,1104.0,snPATHOseq,CosMx_tumor,1,1
chr20,20,1105,0.061883794511572734,0.264633466366368,1105.0,snPATHOseq,CosMx_tumor,1,1
chr20,20,1106,0.05943846894498144,0.24185630066211652,1106.0,snPATHOseq,CosMx_tumor,1,1
chr20,20,1107,0.059770978032555766,0.2375469613019438,1107.0,snPATHOseq,CosMx_tumor,1,1
chr20,20,1108,0.06123593723478294,0.2441284361658441,1108.0,snPATHOseq,CosMx_tumor,1,1
chr20,20,1109,0.06283839244048159,0.25534787838549605,1109.0,snPATHOseq,CosMx_tumor,1,1
chr20,20,1110,0.062253324139351814,0.2620387433058812,1110.0,snPATHOseq,CosMx_tumor,1,1
chr20,20,1111,0.055219592464910094,0.2637980002995602,1111.0,snPATHOseq,CosMx_tumor,1,1
chr20,20,1112,0.0479316393203167,0.25722104737769125,1112.0,snPATHOseq,CosMx_tumor,1,1
chr20,20,1113,0.042820852163495814,0.2556349165575097,1113.0,snPATHOseq,CosMx_tumor,1,1
chr20,20,1114,0.04008729843500141,0.2500199337974624,1114.0,snPATHOseq,CosMx_tumor,1,1
chr20,20,1115,0.04256740996597633,0.248624297224246,1115.0,snPATHOseq,CosMx_tumor,1,1
chr20,20,1116,0.049335888622139966,0.2536004131705363,1116.0,snPATHOseq,CosMx_tumor,1,1
chr20,20,1117,0.06066009809560457,0.2736773600977999,1117.0,snPATHOseq,CosMx_tumor,1,1
chr20,20,1118,0.0745648275459779,0.2844631232071656,1118.0,snPATHOseq,CosMx_tumor,1,1
chr21,21,1119,5.0164235892863e-05,0.004565771934161647,1119.0,snPATHOseq,CosMx_tumor,0,0
chr21,21,1120,0.0053633932963849,0.007271367700137594,1120.0,snPATHOseq,CosMx_tumor,0,0
chr21,21,1121,0.014266083307248139,0.009693963730325498,1121.0,snPATHOseq,CosMx_tumor,0,0
chr21,21,1122,0.021396053918392447,0.008005697299746319,1122.0,snPATHOseq,CosMx_tumor,1,0
chr22,22,1123,-0.007381572105805544,-0.0472548660729297,1123.0,snPATHOseq,CosMx_tumor,0,-1
chr22,22,1124,-0.009493329138563133,-0.046225531629338075,1124.0,snPATHOseq,CosMx_tumor,0,-1
chr22,22,1125,-0.008535468596640823,-0.045226298121654115,1125.0,snPATHOseq,CosMx_tumor,0,-1
chr22,22,1126,-0.006140319979722888,-0.046103218127568034,1126.0,snPATHOseq,CosMx_tumor,0,-1
chr22,22,1127,-0.004420493036237055,-0.049657077380247536,1127.0,snPATHOseq,CosMx_tumor,0,-1
chr22,22,1128,-0.0019508549639295181,-0.05037614686589471,1128.0,snPATHOseq,CosMx_tumor,0,-1
chr22,22,1129,-0.0007393373274199799,-0.0545353071959635,1129.0,snPATHOseq,CosMx_tumor,0,-1
chr22,22,1130,-0.002141290536105857,-0.05502652089308197,1130.0,snPATHOseq,CosMx_tumor,0,-1
chr22,22,1131,-0.0045919396986423625,-0.04656806791605292,1131.0,snPATHOseq,CosMx_tumor,0,-1
chr22,22,1132,-0.010284687830501077,-0.03813967660245409,1132.0,snPATHOseq,CosMx_tumor,0,-1
chr22,22,1133,-0.01547313549131095,-0.03544568371190845,1133.0,snPATHOseq,CosMx_tumor,0,-1
chr22,22,1134,-0.019484999804800597,-0.03301649216474949,1134.0,snPATHOseq,CosMx_tumor,0,-1
chr22,22,1135,-0.018058247342336752,-0.034378429953187004,1135.0,snPATHOseq,CosMx_tumor,0,-1
chr22,22,1136,-0.019314685745133717,-0.04805657340984889,1136.0,snPATHOseq,CosMx_tumor,0,-1
chr22,22,1137,-0.020451538107287004,-0.06223200875068354,1137.0,snPATHOseq,CosMx_tumor,-1,-1
chr22,22,1138,-0.02125973421074944,-0.06891757862804024,1138.0,snPATHOseq,CosMx_tumor,-1,-1
chr22,22,1139,-0.021405228795139425,-0.07465524345360859,1139.0,snPATHOseq,CosMx_tumor,-1,-1
chr22,22,1140,-0.02194741045477918,-0.08152626323220669,1140.0,snPATHOseq,CosMx_tumor,-1,-1
chr22,22,1141,-0.020156330909476983,-0.07597704027067244,1141.0,snPATHOseq,CosMx_tumor,-1,-1
chr22,22,1142,-0.0170441781342036,-0.06594213219539241,1142.0,snPATHOseq,CosMx_tumor,0,-1
chr22,22,1143,-0.007861868337100819,-0.06413356184498982,1143.0,snPATHOseq,CosMx_tumor,0,-1
chr22,22,1144,-0.0028460635366175492,-0.06923950846256356,1144.0,snPATHOseq,CosMx_tumor,0,-1
chr22,22,1145,-0.0013236978678555856,-0.06911309906514357,1145.0,snPATHOseq,CosMx_tumor,0,-1
chr22,22,1146,-0.0011587954937844107,-0.0749159347113459,1146.0,snPATHOseq,CosMx_tumor,0,-1
