cosmx_threshold,f1_gain,f1_loss,f1_mean,accuracy_3class
0.01843,0.703030303030303,0.10588235294117647,0.4044563279857397,0.8247602441150829
0.018656,0.703030303030303,0.10588235294117647,0.4044563279857397,0.8247602441150829
0.020109,0.6962025316455697,0.10909090909090909,0.4026467203682394,0.8299912816041848
0.018168,0.6987951807228916,0.10526315789473684,0.4020291693088142,0.8230165649520488
0.018386,0.6987951807228916,0.10526315789473684,0.4020291693088142,0.8230165649520488
0.019395,0.6951219512195121,0.10778443113772455,0.40145319117861833,0.8265039232781168
0.017801,0.6982248520710059,0.10404624277456648,0.40113554742278623,0.8204010462074979
0.019259,0.6951219512195121,0.10714285714285714,0.4011324041811846,0.8256320836965998
0.01908,0.6951219512195121,0.10650887573964497,0.40081541347957855,0.8247602441150829
0.019214,0.6951219512195121,0.10650887573964497,0.40081541347957855,0.8247602441150829
0.020117,0.6923076923076923,0.10909090909090909,0.4006993006993007,0.8299912816041848
0.020138,0.6923076923076923,0.10909090909090909,0.4006993006993007,0.8299912816041848
0.019978,0.6918238993710691,0.10909090909090909,0.40045740423098913,0.8291194420226679
0.019426,0.691358024691358,0.10843373493975904,0.3998958798155585,0.8273757628596339
0.019682,0.691358024691358,0.10843373493975904,0.3998958798155585,0.8273757628596339
0.017919,0.6946107784431138,0.10465116279069768,0.3996309706169057,0.8212728857890148
0.018008,0.6946107784431138,0.10465116279069768,0.3996309706169057,0.8212728857890148
0.017684,0.6941176470588235,0.10344827586206896,0.39878296146044623,0.8186573670444638
0.02011,0.6878980891719745,0.10909090909090909,0.3984944991314418,0.8291194420226679
0.019706,0.6875,0.10843373493975904,0.3979668674698795,0.8273757628596339
0.019848,0.6875,0.10843373493975904,0.3979668674698795,0.8273757628596339
0.019424,0.6871165644171779,0.10778443113772455,0.39745049777745123,0.8256320836965998
0.017815,0.6904761904761905,0.10404624277456648,0.3972612166253785,0.8195292066259808
0.017879,0.6904761904761905,0.10404624277456648,0.3972612166253785,0.8195292066259808
0.01641,0.6931818181818182,0.10112359550561797,0.3971527068437181,0.8134263295553618
0.016219,0.6931818181818182,0.1005586592178771,0.39687023869984767,0.8125544899738448
0.016371,0.6931818181818182,0.1005586592178771,0.39687023869984767,0.8125544899738448
0.017259,0.6900584795321637,0.10344827586206896,0.3967533776971163,0.8177855274629469
0.017477,0.6900584795321637,0.10344827586206896,0.3967533776971163,0.8177855274629469
0.02034,0.6838709677419355,0.10909090909090909,0.3964809384164223,0.8291194420226679
0.01571,0.6927374301675978,0.1,0.3963687150837989,0.8108108108108109
0.017156,0.6900584795321637,0.10227272727272728,0.3961656034024455,0.8160418482999128
0.017241,0.6900584795321637,0.10227272727272728,0.3961656034024455,0.8160418482999128
0.016832,0.6896551724137931,0.10227272727272728,0.3959639498432602,0.8151700087183958
0.015219,0.6927374301675978,0.0989010989010989,0.39581926453434835,0.8090671316477768
0.015619,0.6927374301675978,0.0989010989010989,0.39581926453434835,0.8090671316477768
0.016819,0.6896551724137931,0.1016949152542373,0.3956750438340152,0.8142981691368788
0.016459,0.6896551724137931,0.10112359550561797,0.3953893839597056,0.8134263295553618
0.016475,0.6896551724137931,0.10112359550561797,0.3953893839597056,0.8134263295553618
0.014126,0.6923076923076923,0.09782608695652174,0.395066889632107,0.8064516129032258
0.014363,0.6923076923076923,0.09782608695652174,0.395066889632107,0.8064516129032258
0.016121,0.6892655367231638,0.1,0.3946327683615819,0.8108108108108109
0.01399,0.6923076923076923,0.0967741935483871,0.3945409429280397,0.8047079337401918
0.014092,0.6923076923076923,0.0967741935483871,0.3945409429280397,0.8047079337401918
0.01685,0.686046511627907,0.10227272727272728,0.39415961945031713,0.8151700087183958
0.014965,0.6888888888888889,0.09836065573770492,0.3936247723132969,0.8073234524847428
0.0148,0.6888888888888889,0.09782608695652174,0.3933574879227053,0.8064516129032258
0.015873,0.6853932584269663,0.1,0.39269662921348314,0.8099389712292938
0.015959,0.6853932584269663,0.1,0.39269662921348314,0.8099389712292938
0.020763,0.6753246753246753,0.10975609756097561,0.39254038644282546,0.8291194420226679
0.02095,0.6753246753246753,0.10975609756097561,0.39254038644282546,0.8291194420226679
0.01464,0.6850828729281768,0.09782608695652174,0.3914544799423493,0.8055797733217088
0.013516,0.6847826086956522,0.0967741935483871,0.39077840112201967,0.8029642545771578
0.021564,0.6666666666666666,0.11180124223602485,0.38923395445134573,0.8317349607672189
0.021251,0.6666666666666666,0.11180124223602485,0.38923395445134573,0.8308631211857018
0.021458,0.6666666666666666,0.11180124223602485,0.38923395445134573,0.8308631211857018
0.01348,0.6810810810810811,0.0967741935483871,0.3889276373147341,0.8020924149956408
0.021247,0.6666666666666666,0.1111111111111111,0.38888888888888884,0.8299912816041848
0.021189,0.6666666666666666,0.10975609756097561,0.3882113821138211,0.8282476024411508
0.023784,0.6621621621621622,0.11392405063291139,0.3880431063975368,0.8343504795117699
0.023809,0.6621621621621622,0.11392405063291139,0.3880431063975368,0.8343504795117699
0.022972,0.6621621621621622,0.1125,0.3873310810810811,0.8326068003487358
0.023341,0.6621621621621622,0.1125,0.3873310810810811,0.8326068003487358
0.013402,0.6774193548387096,0.0967741935483871,0.3870967741935484,0.8012205754141238
0.021502,0.6622516556291391,0.11180124223602485,0.387026448932582,0.8308631211857018
0.013351,0.6737967914438503,0.0967741935483871,0.3852854924961187,0.8003487358326068
0.013018,0.6737967914438503,0.0962566844919786,0.3850267379679144,0.7994768962510898
0.022149,0.6577181208053692,0.11180124223602485,0.384759681520697,0.8308631211857018
0.022666,0.6577181208053692,0.11180124223602485,0.384759681520697,0.8308631211857018
0.023889,0.6530612244897959,0.11464968152866242,0.38385545300922913,0.8343504795117699
0.023983,0.6530612244897959,0.11464968152866242,0.38385545300922913,0.8343504795117699
0.012849,0.6702127659574468,0.0962566844919786,0.3832347252247127,0.7986050566695728
0.012966,0.6702127659574468,0.0962566844919786,0.3832347252247127,0.7986050566695728
0.01276,0.6702127659574468,0.09574468085106383,0.3829787234042553,0.7977332170880558
0.024419,0.6482758620689655,0.11464968152866242,0.38146277179881394,0.8343504795117699
0.012621,0.6631578947368421,0.09574468085106383,0.37945128779395293,0.7959895379250218
0.024352,0.6438356164383562,0.11464968152866242,0.3792426489835093,0.8334786399302528
0.012206,0.6631578947368421,0.09523809523809523,0.37919799498746865,0.7951176983435048
0.012353,0.6631578947368421,0.09523809523809523,0.37919799498746865,0.7951176983435048
0.025696,0.6388888888888888,0.11842105263157894,0.3786549707602339,0.8378378378378378
0.026025,0.6388888888888888,0.11842105263157894,0.3786549707602339,0.8378378378378378
0.025692,0.6388888888888888,0.11688311688311688,0.3778860028860029,0.8360941586748039
0.024839,0.6388888888888888,0.11612903225806452,0.37750896057347666,0.8352223190932868
0.012171,0.6596858638743456,0.09523809523809523,0.3774619795562204,0.7942458587619878
0.024639,0.6388888888888888,0.11538461538461539,0.37713675213675213,0.8343504795117699
0.024551,0.6388888888888888,0.11464968152866242,0.3767692852087756,0.8334786399302528
0.01216,0.65625,0.09523809523809523,0.3757440476190476,0.7933740191804708
0.027638,0.6285714285714286,0.12080536912751678,0.3746883988494727,0.8404533565823888
0.027382,0.6285714285714286,0.12,0.3742857142857143,0.8395815170008718
0.027488,0.6285714285714286,0.12,0.3742857142857143,0.8395815170008718
0.033959,0.6165413533834586,0.13138686131386862,0.3739641073486636,0.8517872711421098
0.02646,0.6293706293706294,0.11842105263157894,0.3738958410011042,0.8369659982563208
0.029119,0.6231884057971014,0.12413793103448276,0.3736631684157921,0.8439407149084568
0.033521,0.6165413533834586,0.13043478260869565,0.37348806799607714,0.8509154315605929
0.033914,0.6165413533834586,0.13043478260869565,0.37348806799607714,0.8509154315605929
0.02908,0.6231884057971014,0.1232876712328767,0.37323803851498905,0.8430688753269399
0.033267,0.6165413533834586,0.12857142857142856,0.3725563909774436,0.8491717523975588
0.028273,0.6231884057971014,0.12162162162162163,0.3724050137093615,0.8413251961639059
0.011944,0.6494845360824743,0.09523809523809523,0.37236131566028474,0.7916303400174368
0.032471,0.6165413533834586,0.1276595744680851,0.37210046392577184,0.8482999128160419
0.033016,0.6165413533834586,0.1276595744680851,0.37210046392577184,0.8482999128160419
0.027311,0.624113475177305,0.12,0.3720567375886525,0.8387096774193549
0.028224,0.6231884057971014,0.12080536912751678,0.37199688746230913,0.8404533565823888
0.027194,0.624113475177305,0.11920529801324503,0.371659386595275,0.8378378378378378
0.031867,0.6165413533834586,0.1267605633802817,0.3716509583818701,0.8474280732345248
0.026562,0.624113475177305,0.11842105263157894,0.371267263904442,0.8369659982563208
0.01189,0.6461538461538462,0.09523809523809523,0.3706959706959707,0.7907585004359198
0.011906,0.6461538461538462,0.09523809523809523,0.3706959706959707,0.7907585004359198
0.035204,0.6060606060606061,0.13432835820895522,0.3701944821347807,0.8535309503051438
0.060334,0.5309734513274337,0.20930232558139536,0.37013788845441453,0.8945074106364429
0.060564,0.5309734513274337,0.20930232558139536,0.37013788845441453,0.8945074106364429
0.027882,0.6187050359712231,0.12080536912751678,0.36975520254936994,0.8395815170008718
0.034889,0.6060606060606061,0.13333333333333333,0.3696969696969697,0.8526591107236269
0.034944,0.6060606060606061,0.13333333333333333,0.3696969696969697,0.8526591107236269
0.011412,0.6428571428571429,0.09523809523809523,0.36904761904761907,0.7898866608544028
0.059463,0.5309734513274337,0.20689655172413793,0.3689350015257858,0.8936355710549259
0.066337,0.5272727272727272,0.21052631578947367,0.36889952153110045,0.902353966870096
0.034378,0.6060606060606061,0.13138686131386862,0.3687237336872373,0.8509154315605929
0.029223,0.6131386861313869,0.12413793103448276,0.36863830858293484,0.8430688753269399
0.011102,0.6395939086294417,0.09473684210526316,0.3671653753673524,0.7881429816913688
0.011221,0.6395939086294417,0.09473684210526316,0.3671653753673524,0.7881429816913688
0.030894,0.6074074074074074,0.1267605633802817,0.36708398539384457,0.8456843940714909
0.031351,0.6074074074074074,0.1267605633802817,0.36708398539384457,0.8456843940714909
0.030749,0.6074074074074074,0.1258741258741259,0.3666407666407666,0.8448125544899738
0.058466,0.5309734513274337,0.20224719101123595,0.3666103211693348,0.8918918918918919
0.059176,0.5309734513274337,0.20224719101123595,0.3666103211693348,0.8918918918918919
0.029817,0.6074074074074074,0.125,0.3662037037037037,0.8439407149084568
0.062232,0.5178571428571429,0.21428571428571427,0.3660714285714286,0.8953792502179599
0.068422,0.5185185185185185,0.21333333333333335,0.36592592592592593,0.9032258064516129
0.035446,0.5954198473282443,0.13533834586466165,0.36537909659645296,0.8535309503051438
0.035616,0.5954198473282443,0.13533834586466165,0.36537909659645296,0.8535309503051438
0.01097,0.6363636363636364,0.09424083769633508,0.3653022370299857,0.7863993025283348
0.011047,0.6363636363636364,0.09424083769633508,0.3653022370299857,0.7863993025283348
0.066257,0.5225225225225225,0.2077922077922078,0.3651573651573652,0.9006102877070619
0.061556,0.5178571428571429,0.21176470588235294,0.36481092436974794,0.8945074106364429
0.061688,0.5178571428571429,0.21176470588235294,0.36481092436974794,0.8945074106364429
0.065942,0.5225225225225225,0.20512820512820512,0.3638253638253638,0.8997384481255449
0.03675,0.5891472868217055,0.13846153846153847,0.363804412641622,0.8561464690496948
0.068297,0.5137614678899083,0.21333333333333335,0.36354740061162083,0.902353966870096
0.02929,0.6029411764705882,0.12413793103448276,0.3635395537525355,0.8421970357454228
0.029815,0.6029411764705882,0.12413793103448276,0.3635395537525355,0.8421970357454228
0.058094,0.5263157894736842,0.2,0.3631578947368421,0.8901482127288579
0.058256,0.5263157894736842,0.2,0.3631578947368421,0.8901482127288579
0.035991,0.5891472868217055,0.13636363636363635,0.3627554615926709,0.8544027898866609
0.036623,0.5891472868217055,0.13636363636363635,0.3627554615926709,0.8544027898866609
0.065026,0.5225225225225225,0.20253164556962025,0.36252708404607137,0.8988666085440279
0.035684,0.5891472868217055,0.13533834586466165,0.36224281634318356,0.8535309503051438
0.050281,0.5546218487394958,0.16981132075471697,0.3622165847471064,0.8770706190061028
0.050376,0.5546218487394958,0.16981132075471697,0.3622165847471064,0.8770706190061028
0.066745,0.5137614678899083,0.21052631578947367,0.362143891839691,0.9014821272885789
0.010886,0.63,0.09424083769633508,0.36212041884816754,0.7846556233653008
0.01092,0.63,0.09424083769633508,0.36212041884816754,0.7846556233653008
0.01054,0.63,0.09326424870466321,0.3616321243523316,0.7829119442022667
0.064134,0.5225225225225225,0.2,0.36126126126126124,0.8979947689625108
0.064528,0.5225225225225225,0.2,0.36126126126126124,0.8979947689625108
0.056465,0.5263157894736842,0.1956521739130435,0.3609839816933638,0.8884045335658239
0.050079,0.5546218487394958,0.16666666666666666,0.36064425770308123,0.8753269398430689
0.010314,0.6268656716417911,0.09326424870466321,0.36006496017322714,0.7820401046207498
0.063424,0.5225225225225225,0.19753086419753085,0.3600266933600267,0.8971229293809939
0.056378,0.5263157894736842,0.1935483870967742,0.35993208828522916,0.8875326939843069
0.049657,0.5546218487394958,0.1651376146788991,0.35987973170919746,0.8744551002615518
0.049134,0.5546218487394958,0.16363636363636364,0.3591291061879297,0.8735832606800349
0.010048,0.6237623762376238,0.09326424870466321,0.3585133124711435,0.7811682650392328
0.010226,0.6237623762376238,0.09326424870466321,0.3585133124711435,0.7811682650392328
0.048856,0.5546218487394958,0.16216216216216217,0.358392005450829,0.8727114210985178
0.036965,0.578125,0.13846153846153847,0.3582932692307692,0.8552746294681779
0.048057,0.5546218487394958,0.16071428571428573,0.35766806722689076,0.8718395815170009
0.048345,0.5546218487394958,0.16071428571428573,0.35766806722689076,0.8718395815170009
0.062629,0.5225225225225225,0.1927710843373494,0.35764680342993593,0.8953792502179599
0.063022,0.5225225225225225,0.1927710843373494,0.35764680342993593,0.8953792502179599
0.055661,0.5217391304347826,0.1935483870967742,0.35764375876577836,0.8866608544027899
0.056166,0.5217391304347826,0.1935483870967742,0.35764375876577836,0.8866608544027899
0.051158,0.5423728813559322,0.17142857142857143,0.3569007263922518,0.8770706190061028
0.051871,0.5423728813559322,0.17142857142857143,0.3569007263922518,0.8770706190061028
0.009945,0.6206896551724138,0.09278350515463918,0.3567365801635265,0.7794245858761988
0.010005,0.6206896551724138,0.09278350515463918,0.3567365801635265,0.7794245858761988
0.055593,0.5217391304347826,0.19148936170212766,0.35661424606845515,0.8857890148212729
0.00986,0.6206896551724138,0.09230769230769231,0.35649867374005306,0.7785527462946817
0.047255,0.5546218487394958,0.15789473684210525,0.35625829279080057,0.8700959023539668
0.047871,0.5546218487394958,0.15789473684210525,0.35625829279080057,0.8700959023539668
0.00974,0.6176470588235294,0.09230769230769231,0.3549773755656109,0.7776809067131648
0.047104,0.5546218487394958,0.15517241379310345,0.3548971312662996,0.8683522231909329
0.009694,0.6176470588235294,0.09183673469387756,0.3547418967587035,0.7768090671316478
0.055027,0.5217391304347826,0.1875,0.3546195652173913,0.8840453356582388
0.055222,0.5217391304347826,0.1875,0.3546195652173913,0.8840453356582388
0.046568,0.5546218487394958,0.15384615384615385,0.35423400129282484,0.8674803836094158
0.068918,0.5185185185185185,0.1891891891891892,0.3538538538538538,0.902353966870096
0.06903,0.5185185185185185,0.1891891891891892,0.3538538538538538,0.902353966870096
0.070344,0.5094339622641509,0.19718309859154928,0.3533085304278501,0.9049694856146469
0.009674,0.6146341463414634,0.09183673469387756,0.3532354405176705,0.7759372275501307
0.054831,0.5217391304347826,0.1836734693877551,0.35270629991126884,0.8823016564952049
0.03736,0.5669291338582677,0.13846153846153847,0.3526953361599031,0.8544027898866609
0.072333,0.49523809523809526,0.208955223880597,0.3520966595593461,0.9075850043591979
0.039759,0.56,0.144,0.35200000000000004,0.8587619877942458
0.069338,0.5094339622641509,0.19444444444444445,0.3519392033542977,0.9040976460331299
0.046226,0.55,0.15384615384615385,0.35192307692307695,0.8666085440278989
0.046482,0.55,0.15384615384615385,0.35192307692307695,0.8666085440278989
0.054552,0.5217391304347826,0.18181818181818182,0.3517786561264822,0.8814298169136879
0.009604,0.6116504854368932,0.09183673469387756,0.35174361006538535,0.7750653879686138
0.054535,0.5217391304347826,0.18,0.3508695652173913,0.8805579773321709
0.046103,0.55,0.15126050420168066,0.35063025210084037,0.8648648648648649
0.07463,0.4854368932038835,0.2153846153846154,0.35041075429424945,0.909328683522232
0.009505,0.6086956521739131,0.09137055837563451,0.3500331052747738,0.7733217088055798
0.009528,0.6086956521739131,0.09137055837563451,0.3500331052747738,0.7733217088055798
0.045144,0.55,0.15,0.35000000000000003,0.8639930252833479
0.045226,0.55,0.15,0.35000000000000003,0.8639930252833479
0.054366,0.5217391304347826,0.1782178217821782,0.34997847610848043,0.8796861377506539
0.054388,0.5217391304347826,0.1782178217821782,0.34997847610848043,0.8796861377506539
0.06924,0.5046728971962616,0.19444444444444445,0.349558670820353,0.9032258064516129
0.069281,0.5046728971962616,0.19444444444444445,0.349558670820353,0.9032258064516129
0.038729,0.5555555555555556,0.14285714285714285,0.3492063492063492,0.8570183086312119
0.039084,0.5555555555555556,0.14285714285714285,0.3492063492063492,0.8570183086312119
0.072193,0.49523809523809526,0.2028985507246377,0.3490683229813665,0.9058413251961639
0.03862,0.5555555555555556,0.14173228346456693,0.34864391951006124,0.8561464690496948
0.009461,0.6057692307692307,0.09137055837563451,0.3485698945724326,0.7724498692240628
0.038196,0.5555555555555556,0.140625,0.3480902777777778,0.8552746294681779
0.073575,0.4807692307692308,0.2153846153846154,0.34807692307692306,0.9084568439407149
0.053556,0.5172413793103449,0.1782178217821782,0.34772960054626156,0.8788142981691369
0.044566,0.5454545454545454,0.15,0.3477272727272727,0.8631211857018308
0.0719,0.49523809523809526,0.2,0.3476190476190476,0.9049694856146469
0.072093,0.49523809523809526,0.2,0.3476190476190476,0.9049694856146469
0.03814,0.5555555555555556,0.13953488372093023,0.3475452196382429,0.8544027898866609
0.037531,0.5555555555555556,0.13846153846153847,0.347008547008547,0.8535309503051438
0.069113,0.5046728971962616,0.1891891891891892,0.3469310431927254,0.9014821272885789
0.040501,0.5483870967741935,0.14516129032258066,0.34677419354838707,0.8587619877942458
0.073353,0.4807692307692308,0.21212121212121213,0.34644522144522144,0.9075850043591979
0.073377,0.4807692307692308,0.21212121212121213,0.34644522144522144,0.9075850043591979
0.040449,0.5483870967741935,0.144,0.34619354838709676,0.8578901482127289
0.052765,0.5172413793103449,0.17475728155339806,0.3459993304318715,0.8770706190061028
0.053428,0.5172413793103449,0.17475728155339806,0.3459993304318715,0.8770706190061028
0.009397,0.6,0.09137055837563451,0.3456852791878172,0.7707061900610288
0.00939,0.6,0.09090909090909091,0.34545454545454546,0.7698343504795118
0.052143,0.5172413793103449,0.17307692307692307,0.34515915119363394,0.8761987794245859
0.043537,0.5409836065573771,0.1487603305785124,0.3448719685679448,0.8613775065387969
0.072769,0.4807692307692308,0.208955223880597,0.3448622273249139,0.9067131647776809
0.051898,0.5172413793103449,0.17142857142857143,0.3443349753694581,0.8753269398430689
0.009373,0.5971563981042654,0.09090909090909091,0.34403274450667815,0.7689625108979947
0.008983,0.5953488372093023,0.09090909090909091,0.34312896405919663,0.7672188317349607
0.009005,0.5953488372093023,0.09090909090909091,0.34312896405919663,0.7672188317349607
0.074655,0.47058823529411764,0.2153846153846154,0.3429864253393665,0.9084568439407149
0.043185,0.5365853658536586,0.1487603305785124,0.34267284821608546,0.8605056669572798
0.009197,0.5943396226415094,0.09090909090909091,0.3426243567753002,0.7680906713164778
0.041478,0.5365853658536586,0.14754098360655737,0.34206317473010794,0.8596338273757629
0.042034,0.5365853658536586,0.14754098360655737,0.34206317473010794,0.8596338273757629
0.009088,0.5915492957746479,0.09090909090909091,0.3412291933418694,0.7672188317349607
0.00919,0.5915492957746479,0.09090909090909091,0.3412291933418694,0.7672188317349607
0.040906,0.5365853658536586,0.14516129032258066,0.3408733280881196,0.8578901482127289
0.041002,0.5365853658536586,0.14516129032258066,0.3408733280881196,0.8578901482127289
0.007831,0.5919282511210763,0.08955223880597014,0.34074024496352323,0.7611159546643418
0.007902,0.5919282511210763,0.08955223880597014,0.34074024496352323,0.7611159546643418
0.008912,0.5898617511520737,0.09090909090909091,0.34038542103058234,0.7654751525719268
0.007672,0.5892857142857143,0.0891089108910891,0.3391973125884017,0.7593722755013078
0.007681,0.5892857142857143,0.0891089108910891,0.3391973125884017,0.7593722755013078
0.008574,0.5871559633027523,0.09090909090909091,0.33903252710592163,0.7646033129904097
0.008628,0.5871559633027523,0.09090909090909091,0.33903252710592163,0.7646033129904097
0.007939,0.5855855855855856,0.09,0.3377927927927928,0.7611159546643418
0.008435,0.5844748858447488,0.09045226130653267,0.3374635735756407,0.7628596338273758
0.008451,0.5844748858447488,0.09045226130653267,0.3374635735756407,0.7628596338273758
0.007603,0.584070796460177,0.0891089108910891,0.33658985367563304,0.7576285963382737
0.0083,0.5818181818181818,0.09,0.3359090909090909,0.7611159546643418
0.007578,0.5814977973568282,0.0891089108910891,0.3353033541239586,0.7567567567567568
0.008006,0.579185520361991,0.09,0.3345927601809955,0.7602441150828247
0.008106,0.579185520361991,0.09,0.3345927601809955,0.7602441150828247
0.007428,0.5789473684210527,0.0891089108910891,0.33402813965607087,0.7558849171752398
0.00739,0.5789473684210527,0.08866995073891626,0.33380865957998446,0.7550130775937227
0.007413,0.5789473684210527,0.08866995073891626,0.33380865957998446,0.7550130775937227
0.007263,0.5739130434782609,0.08866995073891626,0.3312914971085886,0.7532693984306887
0.007271,0.5739130434782609,0.08866995073891626,0.3312914971085886,0.7532693984306887
0.007253,0.5739130434782609,0.08823529411764706,0.331074168797954,0.7523975588491717
0.074916,0.47058823529411764,0.19047619047619047,0.33053221288515405,0.9084568439407149
0.075977,0.47058823529411764,0.19047619047619047,0.33053221288515405,0.9084568439407149
0.007251,0.5689655172413793,0.08823529411764706,0.3286004056795132,0.7506538796861377
0.007173,0.5665236051502146,0.08823529411764706,0.32737944963393084,0.7497820401046208
0.00711,0.5641025641025641,0.08823529411764706,0.3261689291101056,0.7489102005231038
0.007153,0.5641025641025641,0.08823529411764706,0.3261689291101056,0.7489102005231038
0.007036,0.559322033898305,0.08823529411764706,0.32377866400797606,0.7471665213600698
0.006792,0.559322033898305,0.08780487804878048,0.32356345597354275,0.7462946817785527
0.006668,0.5569620253164557,0.08780487804878048,0.32238345168261806,0.7454228421970357
0.006352,0.5546218487394958,0.08780487804878048,0.32121336339413814,0.7445510026155188
0.006564,0.5546218487394958,0.08780487804878048,0.32121336339413814,0.7445510026155188
0.006182,0.55,0.08780487804878048,0.31890243902439025,0.7428073234524848
0.006274,0.55,0.08780487804878048,0.31890243902439025,0.7428073234524848
0.006171,0.5454545454545454,0.08780487804878048,0.31662971175166293,0.7410636442894507
0.081526,0.4444444444444444,0.18867924528301888,0.3165618448637316,0.9145597210113339
0.005972,0.5432098765432098,0.08780487804878048,0.31550737729599515,0.7401918047079338
0.006081,0.5432098765432098,0.08780487804878048,0.31550737729599515,0.7401918047079338
0.081518,0.4444444444444444,0.18518518518518517,0.31481481481481477,0.9136878814298169
0.005812,0.5387755102040817,0.08780487804878048,0.31329019412643105,0.7384481255448997
0.080731,0.44,0.18518518518518517,0.3125925925925926,0.9128160418482999
0.081055,0.44,0.18518518518518517,0.3125925925925926,0.9128160418482999
0.005753,0.5365853658536586,0.08780487804878048,0.3121951219512195,0.7375762859633828
0.005692,0.5344129554655871,0.08780487804878048,0.3111089167571838,0.7367044463818657
0.005717,0.5344129554655871,0.08780487804878048,0.3111089167571838,0.7367044463818657
0.080709,0.44,0.18181818181818182,0.3109090909090909,0.911944202266783
0.080551,0.44,0.17857142857142858,0.3092857142857143,0.9110723626852659
0.005627,0.5301204819277109,0.08780487804878048,0.30896267998824567,0.7349607672188317
0.076464,0.45544554455445546,0.16129032258064516,0.3083679335675503,0.9067131647776809
0.077602,0.45544554455445546,0.16129032258064516,0.3083679335675503,0.9067131647776809
0.005567,0.528,0.08780487804878048,0.30790243902439024,0.7340889276373147
0.080393,0.44,0.17543859649122806,0.30771929824561406,0.9102005231037489
0.005466,0.5258964143426295,0.08780487804878048,0.30685064619570496,0.7332170880557978
0.005513,0.5258964143426295,0.08780487804878048,0.30685064619570496,0.7332170880557978
0.005446,0.5238095238095238,0.08737864077669903,0.3055940822931114,0.7314734088927637
0.079328,0.44,0.1694915254237288,0.3047457627118644,0.9084568439407149
0.079958,0.44,0.1694915254237288,0.3047457627118644,0.9084568439407149
0.005416,0.5217391304347826,0.08737864077669903,0.3045588856057408,0.7306015693112468
0.085043,0.4444444444444444,0.16326530612244897,0.3038548752834467,0.916303400174368
0.005266,0.5196850393700787,0.08737864077669903,0.30353184007338885,0.7297297297297297
0.079018,0.44,0.16666666666666666,0.30333333333333334,0.9075850043591979
0.005187,0.5176470588235295,0.08737864077669903,0.3025128498001142,0.7288578901482128
0.083382,0.4444444444444444,0.16,0.3022222222222222,0.9154315605928509
0.078675,0.44,0.16393442622950818,0.3019672131147541,0.9067131647776809
0.005181,0.515625,0.08737864077669903,0.3015018203883495,0.7279860505666957
0.004934,0.5076923076923077,0.09523809523809523,0.30146520146520145,0.7227550130775937
0.005179,0.515625,0.08695652173913043,0.3012907608695652,0.7271142109851787
0.081725,0.4444444444444444,0.1568627450980392,0.3006535947712418,0.9145597210113339
0.005131,0.5136186770428015,0.08695652173913043,0.30028759939096594,0.7262423714036618
0.005165,0.5136186770428015,0.08695652173913043,0.30028759939096594,0.7262423714036618
0.004931,0.5057471264367817,0.0947867298578199,0.30026692814730077,0.7210113339145597
0.081688,0.4444444444444444,0.15384615384615385,0.29914529914529914,0.9136878814298169
0.005116,0.5116279069767442,0.08653846153846154,0.2990831842576029,0.7244986922406277
0.005127,0.5116279069767442,0.08653846153846154,0.2990831842576029,0.7244986922406277
0.004921,0.5019011406844106,0.0947867298578199,0.29834393527111525,0.7192676547515258
0.004928,0.5019011406844106,0.0947867298578199,0.29834393527111525,0.7192676547515258
0.005067,0.5096525096525096,0.08653846153846154,0.2980954855954856,0.7236268526591108
0.005008,0.5096525096525096,0.0861244019138756,0.2978884557831926,0.7227550130775937
0.004905,0.5,0.0947867298578199,0.29739336492890994,0.7183958151700087
0.004993,0.5076923076923077,0.0861244019138756,0.29690835480309163,0.7218831734960767
0.004884,0.4981132075471698,0.09389671361502347,0.29600496058109665,0.7157802964254577
0.004445,0.4888888888888889,0.10232558139534884,0.29560723514211884,0.7114210985178727
0.004477,0.4888888888888889,0.10232558139534884,0.29560723514211884,0.7114210985178727
0.004781,0.49624060150375937,0.09389671361502347,0.29506865755939143,0.7149084568439407
0.00462,0.49624060150375937,0.09345794392523364,0.2948492727144965,0.7140366172624237
0.004736,0.49624060150375937,0.09345794392523364,0.2948492727144965,0.7140366172624237
0.004386,0.4870848708487085,0.10232558139534884,0.29470522612202865,0.7105492589363557
0.004566,0.4943820224719101,0.09345794392523364,0.2939199831985719,0.7131647776809067
0.004356,0.4852941176470588,0.10232558139534884,0.2938098495212038,0.7096774193548387
0.004352,0.4835164835164835,0.10232558139534884,0.29292103245591616,0.7088055797733217
0.004522,0.49070631970260226,0.09345794392523364,0.29208213181391796,0.7114210985178727
0.004545,0.49070631970260226,0.09345794392523364,0.29208213181391796,0.7114210985178727
0.004332,0.48175182481751827,0.10232558139534884,0.29203870310643354,0.7079337401918047
0.00426,0.48175182481751827,0.10185185185185185,0.29180183833468504,0.7070619006102877
0.004173,0.4782608695652174,0.10185185185185185,0.29005636070853463,0.7053182214472538
0.00413,0.47653429602888087,0.10185185185185185,0.28919307394036636,0.7044463818657367
0.00414,0.47653429602888087,0.10185185185185185,0.28919307394036636,0.7044463818657367
0.004101,0.4748201438848921,0.10185185185185185,0.28833599786837194,0.7035745422842197
0.0041,0.4731182795698925,0.10138248847926268,0.2872503840245776,0.7018308631211857
0.004085,0.4731182795698925,0.10091743119266056,0.28701785538127655,0.7009590235396687
0.003954,0.4714285714285714,0.10091743119266056,0.28617300131061596,0.7000871839581517
0.004037,0.4714285714285714,0.10091743119266056,0.28617300131061596,0.7000871839581517
0.085139,0.4444444444444444,0.125,0.2847222222222222,0.9154315605928509
0.003913,0.46808510638297873,0.10091743119266056,0.28450126878781967,0.6983435047951178
0.003791,0.4664310954063604,0.10091743119266056,0.2836742632995105,0.6974716652136007
0.003875,0.4664310954063604,0.10091743119266056,0.2836742632995105,0.6974716652136007
0.003764,0.4664310954063604,0.1004566210045662,0.2834438582054633,0.6965998256320837
0.003747,0.4631578947368421,0.1004566210045662,0.28180725787070415,0.6948561464690497
0.003722,0.46153846153846156,0.1004566210045662,0.2809975412715139,0.6939843068875327
0.003639,0.45993031358885017,0.1004566210045662,0.2801934672967082,0.6931124673060157
0.003693,0.45993031358885017,0.1004566210045662,0.2801934672967082,0.6931124673060157
0.003513,0.4589041095890411,0.1,0.27945205479452057,0.6896251089799477
0.003523,0.4589041095890411,0.1,0.27945205479452057,0.6896251089799477
0.003625,0.4583333333333333,0.1,0.2791666666666667,0.6913687881429816
0.003476,0.45733788395904434,0.09954751131221719,0.2784426976356308,0.6878814298169137
0.003507,0.45733788395904434,0.09954751131221719,0.2784426976356308,0.6878814298169137
0.003581,0.45674740484429066,0.1,0.2783737024221453,0.6904969485614647
0.00346,0.4557823129251701,0.09954751131221719,0.27766491211869365,0.6870095902353966
0.003577,0.45517241379310347,0.1,0.2775862068965517,0.6896251089799477
0.003284,0.4563758389261745,0.09865470852017937,0.2775152737231769,0.6835222319093287
0.003531,0.4536082474226804,0.1,0.2768041237113402,0.6887532693984307
0.003274,0.45484949832775917,0.09865470852017937,0.2767521034239693,0.6826503923278117
0.003448,0.4542372881355932,0.0990990990990991,0.2766681936173462,0.6852659110723627
0.003417,0.4542372881355932,0.09865470852017937,0.2764459983278863,0.6843940714908456
0.00323,0.4533333333333333,0.09865470852017937,0.27599402092675634,0.6817785527462947
0.003237,0.4533333333333333,0.09865470852017937,0.27599402092675634,0.6817785527462947
0.003342,0.4527027027027027,0.09865470852017937,0.27567870561144103,0.6835222319093287
0.003404,0.4527027027027027,0.09865470852017937,0.27567870561144103,0.6835222319093287
0.003128,0.4524590163934426,0.09821428571428571,0.2753366510538642,0.6782911944202267
0.003111,0.45098039215686275,0.09821428571428571,0.27459733893557425,0.6774193548387096
0.003122,0.45098039215686275,0.09821428571428571,0.27459733893557425,0.6774193548387096
0.003143,0.4503311258278146,0.09865470852017937,0.274492917173997,0.6800348735832606
0.003144,0.4503311258278146,0.09865470852017937,0.274492917173997,0.6800348735832606
0.003087,0.4495114006514658,0.09821428571428571,0.27386284318287574,0.6765475152571927
0.003141,0.44884488448844884,0.09865470852017937,0.2737497965043141,0.6791630340017437
0.003086,0.4495114006514658,0.09777777777777778,0.27364458921462176,0.6756756756756757
0.003136,0.44884488448844884,0.09821428571428571,0.27352958510136727,0.6782911944202267
0.003076,0.44660194174757284,0.09777777777777778,0.2721898597626753,0.6739319965126417
0.003023,0.44516129032258067,0.09777777777777778,0.2714695340501792,0.6730601569311246
0.002944,0.44516129032258067,0.09734513274336283,0.27125321153297177,0.6721883173496077
0.002982,0.44516129032258067,0.09734513274336283,0.27125321153297177,0.6721883173496077
0.002898,0.4423076923076923,0.09734513274336283,0.2698264125255276,0.6704446381865736
0.002916,0.4423076923076923,0.09734513274336283,0.2698264125255276,0.6704446381865736
0.002874,0.4423076923076923,0.09691629955947137,0.2696119959335818,0.6695727986050567
0.002816,0.44089456869009586,0.09649122807017543,0.26869289838013566,0.6678291194420227
0.002846,0.44089456869009586,0.09649122807017543,0.26869289838013566,0.6678291194420227
0.002793,0.4380952380952381,0.09649122807017543,0.26729323308270675,0.6660854402789886
0.002803,0.4380952380952381,0.09649122807017543,0.26729323308270675,0.6660854402789886
0.002753,0.4353312302839117,0.09649122807017543,0.2659112291770436,0.6643417611159547
0.002764,0.4353312302839117,0.09649122807017543,0.2659112291770436,0.6643417611159547
0.087205,0.4444444444444444,0.08695652173913043,0.2657004830917874,0.9154315605928509
0.087318,0.4444444444444444,0.08695652173913043,0.2657004830917874,0.9154315605928509
0.002734,0.4339622641509434,0.09649122807017543,0.2652267461105594,0.6634699215344376
0.002647,0.43125,0.09649122807017543,0.2638706140350877,0.6617262423714037
0.002692,0.43125,0.09649122807017543,0.2638706140350877,0.6617262423714037
0.002621,0.42990654205607476,0.09649122807017543,0.2631988850631251,0.6608544027898866
0.002603,0.42724458204334365,0.09649122807017543,0.26186790505675955,0.6591107236268526
0.002599,0.42592592592592593,0.09649122807017543,0.26120857699805067,0.6582388840453357
0.002593,0.42592592592592593,0.09606986899563319,0.26099789746077956,0.6573670444638187
0.00257,0.4246153846153846,0.09606986899563319,0.2603426268055089,0.6564952048823016
0.002553,0.42201834862385323,0.09606986899563319,0.2590441088097432,0.6547515257192676
0.0025,0.42201834862385323,0.09565217391304348,0.25883526126844836,0.6538796861377506
0.002506,0.42201834862385323,0.09565217391304348,0.25883526126844836,0.6538796861377506
0.002487,0.4194528875379939,0.09565217391304348,0.2575525307255187,0.6521360069747166
0.002498,0.4194528875379939,0.09565217391304348,0.2575525307255187,0.6521360069747166
0.002467,0.41818181818181815,0.09565217391304348,0.2569169960474308,0.6512641673931997
0.002466,0.4169184290030212,0.09565217391304348,0.2562853014580323,0.6503923278116827
0.002408,0.4144144144144144,0.09565217391304348,0.25503329416372894,0.6486486486486487
0.00242,0.4144144144144144,0.09565217391304348,0.25503329416372894,0.6486486486486487
0.002396,0.41194029850746267,0.09565217391304348,0.25379623621025305,0.6469049694856146
0.002376,0.4107142857142857,0.09565217391304348,0.2531832298136646,0.6460331299040977
0.002373,0.4107142857142857,0.09523809523809523,0.25297619047619047,0.6451612903225806
0.002371,0.4094955489614243,0.09523809523809523,0.2523668220997598,0.6442894507410637
0.002365,0.40828402366863903,0.09482758620689655,0.2515558049377678,0.6425457715780296
0.00237,0.40828402366863903,0.09482758620689655,0.2515558049377678,0.6425457715780296
0.002358,0.40707964601769914,0.0944206008583691,0.2507501234380341,0.6408020924149956
0.002333,0.40588235294117647,0.0944206008583691,0.2501514768997728,0.6399302528334786
0.002337,0.40588235294117647,0.0944206008583691,0.2501514768997728,0.6399302528334786
0.002277,0.40350877192982454,0.0944206008583691,0.24896468639409683,0.6381865736704446
0.002324,0.40350877192982454,0.0944206008583691,0.24896468639409683,0.6381865736704446
0.002269,0.40233236151603496,0.09401709401709402,0.2481747277665645,0.6364428945074107
0.002274,0.40233236151603496,0.09401709401709402,0.2481747277665645,0.6364428945074107
0.002252,0.40233236151603496,0.09361702127659574,0.24797469139631534,0.6355710549258936
0.002238,0.4011627906976744,0.09361702127659574,0.24738990598713506,0.6346992153443767
0.002222,0.4,0.09361702127659574,0.2468085106382979,0.6338273757628596
0.093248,0.4444444444444444,0.04878048780487805,0.24661246612466123,0.9180470793374019
0.002167,0.4,0.09322033898305085,0.24661016949152542,0.6329555361813426
0.002156,0.4,0.09282700421940929,0.24641350210970464,0.6320836965998257
0.092877,0.4444444444444444,0.047619047619047616,0.24603174603174602,0.9171752397558849
0.091078,0.4444444444444444,0.046511627906976744,0.24547803617571057,0.916303400174368
0.092482,0.4444444444444444,0.046511627906976744,0.24547803617571057,0.916303400174368
0.002103,0.3976945244956772,0.09282700421940929,0.24526076435754324,0.6303400174367916
0.088734,0.4444444444444444,0.045454545454545456,0.24494949494949494,0.9154315605928509
0.002064,0.39655172413793105,0.09282700421940929,0.24468936417867015,0.6294681778552746
0.002038,0.3954154727793696,0.09282700421940929,0.24412123849938944,0.6285963382737576
0.002032,0.3942857142857143,0.09282700421940929,0.2435563592525618,0.6277244986922407
0.002028,0.3942857142857143,0.09243697478991597,0.24336134453781513,0.6268526591107236
0.001979,0.39316239316239315,0.09243697478991597,0.24279968397615456,0.6259808195292066
0.001988,0.39316239316239315,0.09243697478991597,0.24279968397615456,0.6259808195292066
0.001972,0.3909348441926346,0.09243697478991597,0.24168590949127527,0.6242371403661726
0.001977,0.3909348441926346,0.09243697478991597,0.24168590949127527,0.6242371403661726
0.001958,0.3909348441926346,0.09205020920502092,0.24149252669882776,0.6233653007846556
0.001956,0.38873239436619716,0.09205020920502092,0.24039130178560905,0.6216216216216216
0.001942,0.38764044943820225,0.09205020920502092,0.2398453293216116,0.6207497820401047
0.001933,0.38764044943820225,0.09166666666666666,0.23965355805243446,0.6198779424585876
0.001901,0.3865546218487395,0.09166666666666666,0.2391106442577031,0.6190061028770706
0.001892,0.3854748603351955,0.09166666666666666,0.2385707635009311,0.6181342632955537
0.001881,0.38440111420612816,0.09166666666666666,0.23803389043639742,0.6172624237140366
0.001883,0.38440111420612816,0.09166666666666666,0.23803389043639742,0.6172624237140366
0.001866,0.38333333333333336,0.0912863070539419,0.23730982019363764,0.6155187445510026
0.001849,0.3812154696132597,0.0912863070539419,0.2362508883336008,0.6137750653879687
0.001863,0.3812154696132597,0.0912863070539419,0.2362508883336008,0.6137750653879687
0.001834,0.3791208791208791,0.0912863070539419,0.2352035930874105,0.6120313862249346
0.001825,0.3780821917808219,0.0912863070539419,0.23468424941738192,0.6111595466434177
0.001819,0.3770491803278688,0.0912863070539419,0.23416774369090537,0.6102877070619006
0.001803,0.3760217983651226,0.0912863070539419,0.23365405270953227,0.6094158674803836
0.001756,0.375,0.0912863070539419,0.23314315352697096,0.6085440278988666
0.001794,0.375,0.0912863070539419,0.23314315352697096,0.6085440278988666
0.001704,0.372972972972973,0.0912863070539419,0.23212964001345746,0.6068003487358327
0.001747,0.372972972972973,0.0912863070539419,0.23212964001345746,0.6068003487358327
0.001691,0.3719676549865229,0.0912863070539419,0.2316269810202324,0.6059285091543156
0.114364,0.4631578947368421,0.0,0.23157894736842105,0.941586748038361
0.00166,0.3709677419354839,0.09090909090909091,0.2309384164222874,0.6041848299912816
0.00168,0.3709677419354839,0.09090909090909091,0.2309384164222874,0.6041848299912816
0.00164,0.3699731903485255,0.09053497942386832,0.23025408488619692,0.6024411508282476
0.001646,0.3699731903485255,0.09053497942386832,0.23025408488619692,0.6024411508282476
0.001636,0.3689839572192513,0.09053497942386832,0.2297594683215598,0.6015693112467306
0.110802,0.4583333333333333,0.0,0.22916666666666666,0.9407149084568439
0.109368,0.4583333333333333,0.0,0.22916666666666666,0.9389712292938099
0.110202,0.4583333333333333,0.0,0.22916666666666666,0.9389712292938099
0.109128,0.4583333333333333,0.0,0.22916666666666666,0.9380993897122929
0.10761,0.4583333333333333,0.0,0.22916666666666666,0.937227550130776
0.105363,0.4583333333333333,0.0,0.22916666666666666,0.9354838709677419
0.105252,0.4583333333333333,0.0,0.22916666666666666,0.934612031386225
0.104886,0.4583333333333333,0.0,0.22916666666666666,0.9337401918047079
0.103734,0.4583333333333333,0.0,0.22916666666666666,0.932868352223191
0.104594,0.4583333333333333,0.0,0.22916666666666666,0.932868352223191
0.1034,0.4583333333333333,0.0,0.22916666666666666,0.9311246730601569
0.102881,0.4583333333333333,0.0,0.22916666666666666,0.93025283347864
0.102393,0.4583333333333333,0.0,0.22916666666666666,0.9293809938971229
0.102218,0.4583333333333333,0.0,0.22916666666666666,0.9285091543156059
0.1019,0.4583333333333333,0.0,0.22916666666666666,0.927637314734089
0.102025,0.4583333333333333,0.0,0.22916666666666666,0.927637314734089
0.00163,0.368,0.09016393442622951,0.22908196721311475,0.5998256320836965
0.001632,0.368,0.09016393442622951,0.22908196721311475,0.5998256320836965
0.125342,0.45652173913043476,0.0,0.22826086956521738,0.942458587619878
0.199402,0.45652173913043476,0.0,0.22826086956521738,0.942458587619878
0.001607,0.3660477453580902,0.09016393442622951,0.22810583989215985,0.5980819529206626
0.001622,0.3660477453580902,0.09016393442622951,0.22810583989215985,0.5980819529206626
0.001591,0.36507936507936506,0.09016393442622951,0.22762164975279728,0.5972101133391456
0.001586,0.3641160949868074,0.08979591836734693,0.22695600667707716,0.5954664341761116
0.001588,0.3641160949868074,0.08979591836734693,0.22695600667707716,0.5954664341761116
0.101457,0.4536082474226804,0.0,0.2268041237113402,0.925893635571055
0.099745,0.4536082474226804,0.0,0.2268041237113402,0.9250217959895379
0.099668,0.4536082474226804,0.0,0.2268041237113402,0.9241499564080209
0.09857,0.4536082474226804,0.0,0.2268041237113402,0.923278116826504
0.099638,0.4536082474226804,0.0,0.2268041237113402,0.923278116826504
0.098428,0.4536082474226804,0.0,0.2268041237113402,0.9224062772449869
0.097138,0.4536082474226804,0.0,0.2268041237113402,0.9206625980819529
0.097227,0.4536082474226804,0.0,0.2268041237113402,0.9206625980819529
0.001584,0.3631578947368421,0.08979591836734693,0.22647690655209451,0.5945945945945946
0.001576,0.3612565445026178,0.08979591836734693,0.22552623143498235,0.5928509154315605
0.001575,0.360313315926893,0.08979591836734693,0.22505461714711994,0.5919790758500436
0.096264,0.4489795918367347,0.0,0.22448979591836735,0.9197907585004359
0.093702,0.4489795918367347,0.0,0.22448979591836735,0.918918918918919
0.093663,0.4489795918367347,0.0,0.22448979591836735,0.9180470793374019
0.001535,0.359375,0.08943089430894309,0.22440294715447154,0.5902353966870096
0.001563,0.359375,0.08943089430894309,0.22440294715447154,0.5902353966870096
0.001513,0.359375,0.08906882591093117,0.2242219129554656,0.5893635571054926
0.114462,0.44680851063829785,0.0,0.22340425531914893,0.9407149084568439
0.119032,0.44680851063829785,0.0,0.22340425531914893,0.9407149084568439
0.001469,0.35658914728682173,0.08906882591093117,0.22282898659887646,0.5867480383609416
0.001471,0.35658914728682173,0.08906882591093117,0.22282898659887646,0.5867480383609416
0.001467,0.3556701030927835,0.08906882591093117,0.22236946450185735,0.5858761987794245
0.001457,0.35475578406169667,0.08906882591093117,0.22191230498631392,0.5850043591979076
0.001447,0.35294117647058826,0.08906882591093117,0.22100500119075972,0.5832606800348736
0.001441,0.3520408163265306,0.08906882591093117,0.2205548211187309,0.5823888404533566
0.001446,0.3520408163265306,0.08906882591093117,0.2205548211187309,0.5823888404533566
0.001432,0.350253807106599,0.08906882591093117,0.21966131650876508,0.5806451612903226
0.001409,0.3493670886075949,0.08906882591093117,0.21921795725926305,0.5797733217088056
0.001419,0.3493670886075949,0.08906882591093117,0.21921795725926305,0.5797733217088056
0.001402,0.3484848484848485,0.08906882591093117,0.21877683719788985,0.5789014821272885
0.001399,0.34760705289672544,0.08906882591093117,0.2183379394038283,0.5780296425457716
0.001395,0.3458646616541353,0.08906882591093117,0.21746674378253325,0.5762859633827376
0.00139,0.345,0.08906882591093117,0.21703441295546558,0.5754141238012206
0.001363,0.34413965087281795,0.08906882591093117,0.21660423839187457,0.5745422842197035
0.001377,0.34413965087281795,0.08906882591093117,0.21660423839187457,0.5745422842197035
0.001354,0.3424317617866005,0.08906882591093117,0.21575029384876585,0.5727986050566696
0.001359,0.3424317617866005,0.08906882591093117,0.21575029384876585,0.5727986050566696
0.001333,0.3415841584158416,0.08906882591093117,0.2153264921633864,0.5719267654751525
0.001316,0.3415841584158416,0.08835341365461848,0.21496878603523004,0.5701830863121186
0.001323,0.3415841584158416,0.08835341365461848,0.21496878603523004,0.5701830863121186
0.001315,0.34074074074074073,0.08835341365461848,0.2145470771976796,0.5693112467306015
0.001297,0.33906633906633904,0.08835341365461848,0.21370987636047875,0.5675675675675675
0.001277,0.3374083129584352,0.08835341365461848,0.21288086330652684,0.5658238884045336
0.001278,0.3374083129584352,0.08835341365461848,0.21288086330652684,0.5658238884045336
0.001276,0.33658536585365856,0.08835341365461848,0.2124693897541385,0.5649520488230165
0.001255,0.33495145631067963,0.08835341365461848,0.21165243498264905,0.5632083696599826
0.001269,0.33495145631067963,0.08835341365461848,0.21165243498264905,0.5632083696599826
0.001219,0.3341404358353511,0.088,0.21107021791767555,0.5614646904969486
0.001254,0.3341404358353511,0.088,0.21107021791767555,0.5614646904969486
0.001191,0.3333333333333333,0.088,0.21066666666666667,0.5605928509154315
0.001179,0.3317307692307692,0.088,0.20986538461538462,0.5588491717523976
0.001184,0.3317307692307692,0.088,0.20986538461538462,0.5588491717523976
0.001167,0.33093525179856115,0.08764940239043825,0.20929232709449969,0.5571054925893636
0.001178,0.33093525179856115,0.08764940239043825,0.20929232709449969,0.5571054925893636
0.001164,0.33093525179856115,0.0873015873015873,0.2091184195500742,0.5562336530078466
0.001162,0.32935560859188545,0.0873015873015873,0.20832859794673636,0.5544899738448126
0.001152,0.32857142857142857,0.0873015873015873,0.20793650793650792,0.5536181342632955
0.001157,0.32857142857142857,0.0873015873015873,0.20793650793650792,0.5536181342632955
0.001141,0.32779097387173395,0.0873015873015873,0.20754628058666064,0.5527462946817786
0.001103,0.3262411347517731,0.0873015873015873,0.2067713610266802,0.5510026155187445
0.001116,0.3262411347517731,0.0873015873015873,0.2067713610266802,0.5510026155187445
0.001101,0.3262411347517731,0.08661417322834646,0.20642765399005977,0.5492589363557105
0.001091,0.32547169811320753,0.08661417322834646,0.206042935670777,0.5483870967741935
0.001099,0.32547169811320753,0.08661417322834646,0.206042935670777,0.5483870967741935
0.001081,0.323943661971831,0.08661417322834646,0.20527891760008873,0.5466434176111595
0.001088,0.323943661971831,0.08661417322834646,0.20527891760008873,0.5466434176111595
0.001058,0.32242990654205606,0.08661417322834646,0.20452203988520126,0.5448997384481256
0.001076,0.32242990654205606,0.08661417322834646,0.20452203988520126,0.5448997384481256
0.001056,0.32167832167832167,0.08661417322834646,0.20414624745333407,0.5440278988666085
0.001054,0.32167832167832167,0.0859375,0.20380791083916083,0.5422842197035745
0.001053,0.3209302325581395,0.0859375,0.20343386627906976,0.5414123801220575
0.001045,0.32018561484918795,0.0859375,0.20306155742459397,0.5405405405405406
0.001046,0.32018561484918795,0.0859375,0.20306155742459397,0.5405405405405406
0.001037,0.3194444444444444,0.0859375,0.2026909722222222,0.5396687009590235
0.00103,0.31797235023041476,0.0859375,0.20195492511520738,0.5379250217959896
0.001017,0.31797235023041476,0.08560311284046693,0.20178773153544083,0.5370531822144725
0.001021,0.31797235023041476,0.08560311284046693,0.20178773153544083,0.5370531822144725
0.000977,0.3181818181818182,0.0842911877394636,0.20123650296064088,0.5300784655623365
0.000979,0.3181818181818182,0.0842911877394636,0.20123650296064088,0.5300784655623365
0.000998,0.3165137614678899,0.08560311284046693,0.20105843715417843,0.5353095030514385
0.001008,0.3165137614678899,0.08560311284046693,0.20105843715417843,0.5353095030514385
0.000969,0.31746031746031744,0.08396946564885496,0.20071489155458622,0.5283347863993025
0.000996,0.3157894736842105,0.08527131782945736,0.20053039575683393,0.5335658238884046
0.00099,0.3150684931506849,0.08527131782945736,0.20016990549007113,0.5326939843068875
0.000994,0.3150684931506849,0.08527131782945736,0.20016990549007113,0.5326939843068875
0.000985,0.3143507972665148,0.08494208494208494,0.19964644110429988,0.5309503051438536
0.000989,0.3143507972665148,0.08494208494208494,0.19964644110429988,0.5309503051438536
0.000967,0.3153153153153153,0.08396946564885496,0.19964239048208515,0.5257192676547515
0.000984,0.3143507972665148,0.0842911877394636,0.1993209925029892,0.5292066259808196
0.000954,0.3146067415730337,0.08396946564885496,0.19928810361094434,0.5248474280732345
0.000931,0.3148558758314856,0.08365019011406843,0.19925303297277702,0.5204882301656495
0.000953,0.31390134529147984,0.08396946564885496,0.19893540547016741,0.5239755884917175
0.00095,0.31390134529147984,0.08365019011406843,0.19877576770277414,0.5231037489102005
0.000951,0.31390134529147984,0.08365019011406843,0.19877576770277414,0.5231037489102005
0.000922,0.31346578366445915,0.08365019011406843,0.1985579868892638,0.5187445510026155
0.000928,0.31346578366445915,0.08365019011406843,0.1985579868892638,0.5187445510026155
0.000948,0.3131991051454139,0.08365019011406843,0.19842464762974116,0.5222319093286836
0.000921,0.3120879120879121,0.08365019011406843,0.19786905110099026,0.5170008718395815
0.000936,0.311804008908686,0.08365019011406843,0.1977270995113772,0.5204882301656495
0.000946,0.311804008908686,0.08365019011406843,0.1977270995113772,0.5204882301656495
0.000895,0.3120879120879121,0.08333333333333333,0.1977106227106227,0.5161290322580645
0.000893,0.31140350877192985,0.08333333333333333,0.19736842105263158,0.5152571926765476
0.000891,0.31072210065645517,0.0830188679245283,0.19687048429049173,0.5135135135135135
0.000879,0.31072210065645517,0.08270676691729323,0.1967144337868742,0.5126416739319966
0.000887,0.31072210065645517,0.08270676691729323,0.1967144337868742,0.5126416739319966
0.000874,0.31004366812227074,0.08239700374531835,0.19622033593379454,0.5108979947689625
0.000878,0.31004366812227074,0.08239700374531835,0.19622033593379454,0.5108979947689625
0.000866,0.3093681917211329,0.08208955223880597,0.19572887197996944,0.5091543156059285
0.000864,0.3093681917211329,0.08178438661710037,0.19557628916911662,0.5082824760244115
0.000859,0.30869565217391304,0.08148148148148149,0.19508856682769726,0.5065387968613775
0.000857,0.3080260303687636,0.08148148148148149,0.19475375592512253,0.5056669572798606
0.000847,0.30735930735930733,0.08148148148148149,0.1944203944203944,0.5047951176983435
0.000854,0.30735930735930733,0.08148148148148149,0.1944203944203944,0.5047951176983435
0.000846,0.30669546436285094,0.08118081180811808,0.19393813808548452,0.5030514385353095
0.000836,0.30603448275862066,0.08118081180811808,0.19360764728336938,0.5021795989537925
0.000844,0.30603448275862066,0.08118081180811808,0.19360764728336938,0.5021795989537925
0.000822,0.30603448275862066,0.08088235294117647,0.19345841784989856,0.5013077593722755
0.00082,0.3053763440860215,0.08058608058608059,0.19298121233605103,0.4995640802092415
0.000819,0.30406852248394006,0.08058608058608059,0.19232730153501032,0.4978204010462075
0.000818,0.30406852248394006,0.08029197080291971,0.1921802466434299,0.4969485614646905
0.000812,0.3034188034188034,0.08029197080291971,0.19185538711086156,0.4960767218831735
0.000804,0.302771855010661,0.08029197080291971,0.19153191290679036,0.4952048823016565
0.000803,0.3021276595744681,0.08029197080291971,0.1912098151886939,0.4943330427201395
0.000802,0.30148619957537154,0.08029197080291971,0.19088908518914563,0.4934612031386225
0.000799,0.30021141649048627,0.08029197080291971,0.190251693646703,0.4917175239755885
0.000801,0.30021141649048627,0.08029197080291971,0.190251693646703,0.4917175239755885
0.000778,0.29894736842105263,0.08029197080291971,0.18961966961198617,0.4899738448125545
0.000789,0.29894736842105263,0.08029197080291971,0.18961966961198617,0.4899738448125545
0.000777,0.29831932773109243,0.08,0.18915966386554622,0.4882301656495205
0.000776,0.2976939203354298,0.08,0.1888469601677149,0.4873583260680035
0.000769,0.29707112970711297,0.07971014492753623,0.18839063731732458,0.48561464690496947
0.000762,0.2964509394572025,0.07971014492753623,0.18808054219236936,0.4847428073234525
0.000757,0.29583333333333334,0.07971014492753623,0.18777173913043477,0.4838709677419355
0.000749,0.29583333333333334,0.07942238267148015,0.18762785800240675,0.48299912816041846
0.000755,0.29583333333333334,0.07942238267148015,0.18762785800240675,0.48299912816041846
0.000747,0.29521829521829523,0.07942238267148015,0.1873203389448877,0.48212728857890147
0.000746,0.2946058091286307,0.07913669064748201,0.18687124988805637,0.4803836094158675
0.000729,0.2946058091286307,0.07857142857142857,0.18658861885002964,0.47863993025283347
0.00073,0.2946058091286307,0.07857142857142857,0.18658861885002964,0.47863993025283347
0.000713,0.2939958592132505,0.07829181494661921,0.18614383707993487,0.4768962510897995
0.000721,0.2939958592132505,0.07829181494661921,0.18614383707993487,0.4768962510897995
0.000711,0.29338842975206614,0.07829181494661921,0.18584012234934266,0.47602441150828245
0.000708,0.2927835051546392,0.07801418439716312,0.18539884477590116,0.4742807323452485
0.000691,0.29218106995884774,0.07801418439716312,0.18509762717800543,0.4734088927637315
0.000686,0.2915811088295688,0.07801418439716312,0.18479764661336595,0.47253705318221445
0.000688,0.2915811088295688,0.07801418439716312,0.18479764661336595,0.47253705318221445
0.00067,0.29098360655737704,0.07801418439716312,0.18449889547727008,0.47166521360069746
0.000667,0.29098360655737704,0.07773851590106007,0.18436106122921855,0.4707933740191805
0.000665,0.2897959183673469,0.07773851590106007,0.1837672171342035,0.46904969485614645
0.000664,0.2892057026476578,0.07773851590106007,0.18347210927435895,0.46817785527462946
0.000653,0.2880324543610548,0.07773851590106007,0.18288548513105743,0.4664341761115955
0.000642,0.2880324543610548,0.07746478873239436,0.18274862154672458,0.46556233653007845
0.00065,0.2880324543610548,0.07746478873239436,0.18274862154672458,0.46556233653007845
0.000637,0.2880324543610548,0.07692307692307693,0.18247776564206586,0.4638186573670445
0.00063,0.2862903225806452,0.07692307692307693,0.18160669975186106,0.46120313862249346
0.000635,0.2862903225806452,0.07692307692307693,0.18160669975186106,0.46120313862249346
0.000629,0.2862903225806452,0.07665505226480836,0.18147268742272676,0.46033129904097647
0.000627,0.2862903225806452,0.07612456747404844,0.18120744502734681,0.45858761987794244
0.000616,0.2857142857142857,0.07612456747404844,0.18091942659416707,0.45771578029642546
0.000605,0.285140562248996,0.07612456747404844,0.1806325648615222,0.45684394071490847
0.000607,0.285140562248996,0.07612456747404844,0.1806325648615222,0.45684394071490847
0.000603,0.284,0.07612456747404844,0.1800622837370242,0.45510026155187444
0.000597,0.2834331337325349,0.07612456747404844,0.17977885060329168,0.45422842197035745
0.000595,0.2834331337325349,0.07586206896551724,0.17964760134902608,0.45335658238884047
0.000592,0.2834331337325349,0.07560137457044673,0.17951725415149083,0.4524847428073234
0.000583,0.28286852589641437,0.07534246575342465,0.17910549582491953,0.45074106364428945
0.00059,0.28286852589641437,0.07534246575342465,0.17910549582491953,0.45074106364428945
0.000581,0.28286852589641437,0.07508532423208192,0.17897692506424814,0.44986922406277247
0.00058,0.2823061630218688,0.07508532423208192,0.17869574362697535,0.4489973844812554
0.000571,0.2823061630218688,0.07432432432432433,0.17831524367309656,0.44638186573670446
0.000576,0.2823061630218688,0.07432432432432433,0.17831524367309656,0.44638186573670446
0.000564,0.28174603174603174,0.07407407407407407,0.1779100529100529,0.44463818657367044
0.000562,0.28063241106719367,0.07407407407407407,0.17735324257063387,0.44289450741063646
0.00056,0.28007889546351084,0.07407407407407407,0.17707648476879245,0.4420226678291194
0.000558,0.2795275590551181,0.07407407407407407,0.1768008165645961,0.44115082824760243
0.000551,0.2784313725490196,0.07407407407407407,0.17625272331154684,0.43940714908456846
0.000552,0.2784313725490196,0.07407407407407407,0.17625272331154684,0.43940714908456846
0.000549,0.27788649706457924,0.0738255033557047,0.17585600021014197,0.43766346992153443
0.000542,0.27734375,0.0738255033557047,0.17558462667785235,0.43679163034001744
0.000536,0.27680311890838205,0.0738255033557047,0.17531431113204338,0.43591979075850046
0.000534,0.27626459143968873,0.0738255033557047,0.17504504739769672,0.4350479511769834
0.000532,0.2757281553398058,0.0738255033557047,0.17477682934775526,0.43417611159546643
0.000526,0.2751937984496124,0.0738255033557047,0.17450965090265855,0.43330427201394944
0.000525,0.2751937984496124,0.07357859531772576,0.17438619688366908,0.43243243243243246
0.000522,0.2746615087040619,0.07308970099667775,0.17387560485036985,0.42981691368788144
0.000519,0.27413127413127414,0.0728476821192053,0.1734894781252397,0.4280732345248474
0.000518,0.27360308285163776,0.0728476821192053,0.17322538248542152,0.4272013949433304
0.000517,0.27307692307692305,0.0728476821192053,0.17296230259806417,0.42632955536181344
0.000515,0.272552783109405,0.0728476821192053,0.17270023261430514,0.42545771578029645
0.000513,0.2720306513409962,0.0728476821192053,0.17243916673010073,0.4245858761987794
0.000511,0.2720306513409962,0.07236842105263158,0.17219953619681388,0.42284219703574544
0.00051,0.27151051625239003,0.07236842105263158,0.1719394686525108,0.4219703574542284
0.000509,0.27151051625239003,0.0718954248366013,0.17170297054449568,0.4202266782911944
0.0005,0.27151051625239003,0.07166123778501629,0.17158587701870315,0.41935483870967744
0.000499,0.27099236641221375,0.07166123778501629,0.171326802098615,0.4184829991281604
0.000496,0.2704761904761905,0.07166123778501629,0.17106871413060337,0.4176111595466434
0.000498,0.2704761904761905,0.07166123778501629,0.17106871413060337,0.4176111595466434
0.000495,0.26996197718631176,0.07166123778501629,0.17081160748566404,0.4167393199651264
0.000492,0.269449715370019,0.07142857142857142,0.17043914339929522,0.4149956408020924
0.000491,0.269449715370019,0.07119741100323625,0.1703235631866276,0.4141238012205754
0.000486,0.2689393939393939,0.07096774193548387,0.1699535679374389,0.41238012205754143
0.000482,0.2684310018903592,0.07096774193548387,0.16969937191292153,0.4115082824760244
0.00048,0.2679245283018868,0.07096774193548387,0.16944613511868534,0.4106364428945074
0.000476,0.2674199623352166,0.0707395498392283,0.16907975608722245,0.40889276373147343
0.000479,0.2674199623352166,0.0707395498392283,0.16907975608722245,0.40889276373147343
0.000472,0.26641651031894936,0.07051282051282051,0.16846466541588495,0.4062772449869224
0.000469,0.26542056074766357,0.07051282051282051,0.16796669063024205,0.4045335658238884
0.000464,0.26492537313432835,0.07051282051282051,0.16771909682357444,0.4036617262423714
0.000466,0.26492537313432835,0.07051282051282051,0.16771909682357444,0.4036617262423714
0.000462,0.2644320297951583,0.07051282051282051,0.1674724251539894,0.4027898866608544
0.000459,0.2644320297951583,0.07006369426751592,0.1672478620313371,0.4010462074978204
0.000453,0.26394052044609667,0.07006369426751592,0.1670021073568063,0.4001743679163034
0.000446,0.26394052044609667,0.06984126984126984,0.16689089514368327,0.3993025283347864
0.000442,0.26296296296296295,0.06984126984126984,0.16640211640211638,0.3975588491717524
0.000444,0.26296296296296295,0.06984126984126984,0.16640211640211638,0.3975588491717524
0.000434,0.26247689463955637,0.06962025316455696,0.16604857390205666,0.3958151700087184
0.000438,0.26247689463955637,0.06962025316455696,0.16604857390205666,0.3958151700087184
0.000429,0.26247689463955637,0.0694006309148265,0.16593876277719144,0.3949433304272014
0.000427,0.26151012891344383,0.0694006309148265,0.16545537991413517,0.3931996512641674
0.000426,0.2610294117647059,0.0694006309148265,0.1652150213397662,0.3923278116826504
0.000425,0.26055045871559634,0.06918238993710692,0.16486642432635162,0.3905841325196164
0.000424,0.2595978062157221,0.06918238993710692,0.1643900980764145,0.3888404533565824
0.000422,0.2581818181818182,0.06918238993710692,0.16368210405946254,0.3862249346120314
0.000418,0.2577132486388385,0.06896551724137931,0.1633393829401089,0.38448125544899736
0.000417,0.2572463768115942,0.06896551724137931,0.16310594702648673,0.3836094158674804
0.000412,0.25678119349005424,0.06896551724137931,0.1628733553657168,0.3827375762859634
0.000416,0.25678119349005424,0.06896551724137931,0.1628733553657168,0.3827375762859634
0.000408,0.2563176895306859,0.06896551724137931,0.16264160338603262,0.3818657367044464
0.000405,0.25539568345323743,0.06896551724137931,0.16218060034730836,0.3801220575414124
0.000402,0.25493716337522443,0.06896551724137931,0.16195134030830188,0.3792502179598954
0.000399,0.25448028673835127,0.06875,0.16161514336917565,0.37750653879686136
0.000401,0.25448028673835127,0.06875,0.16161514336917565,0.37750653879686136
0.000398,0.25402504472271914,0.06853582554517133,0.16128043513394524,0.3757628596338274
0.000396,0.25357142857142856,0.06853582554517133,0.16105362705829995,0.3748910200523104
0.000395,0.25357142857142856,0.06832298136645963,0.1609472049689441,0.37401918047079336
0.000392,0.2531194295900178,0.06832298136645963,0.16072120547823873,0.37314734088927637
0.000391,0.2526690391459075,0.06832298136645963,0.16049601025618357,0.3722755013077594
0.000384,0.25177304964539005,0.06811145510835913,0.1599422523768746,0.36965998256320837
0.000389,0.25177304964539005,0.06811145510835913,0.1599422523768746,0.36965998256320837
0.00038,0.2513274336283186,0.06769230769230769,0.15950987066031314,0.36704446381865735
0.000381,0.2513274336283186,0.06769230769230769,0.15950987066031314,0.36704446381865735
0.000379,0.2513274336283186,0.06748466257668712,0.15940604810250286,0.36617262423714037
0.000377,0.2513274336283186,0.0672782874617737,0.15930286054504617,0.3653007846556234
0.000374,0.25044091710758376,0.0672782874617737,0.1588596022846787,0.36355710549258935
0.000375,0.25044091710758376,0.0672782874617737,0.1588596022846787,0.36355710549258935
0.000373,0.25044091710758376,0.0668693009118541,0.15865510900971894,0.3618134263295554
0.000359,0.25044091710758376,0.06646525679758308,0.15845308695258342,0.36006974716652135
0.000367,0.25044091710758376,0.06646525679758308,0.15845308695258342,0.36006974716652135
0.000355,0.25,0.06626506024096386,0.15813253012048192,0.3583260680034874
0.00035,0.24912280701754386,0.06626506024096386,0.15769393362925385,0.35658238884045335
0.000351,0.24912280701754386,0.06626506024096386,0.15769393362925385,0.35658238884045335
0.000348,0.24738675958188153,0.06606606606606606,0.1567264128239738,0.35222319093286836
0.000347,0.24695652173913044,0.0658682634730539,0.15641239260609216,0.35047951176983433
0.000343,0.2465277777777778,0.0658682634730539,0.15619802062541585,0.34960767218831734
0.000341,0.24567474048442905,0.0658682634730539,0.15577150197874148,0.34786399302528337
0.000338,0.24482758620689654,0.0658682634730539,0.15534792483997523,0.34612031386224934
0.000335,0.24440619621342513,0.06567164179104477,0.15503891900223496,0.34437663469921537
0.000334,0.24398625429553264,0.06547619047619048,0.15473122238586157,0.34263295553618134
0.000332,0.24398625429553264,0.06528189910979229,0.15463407670266247,0.34176111595466435
0.000329,0.24315068493150685,0.06528189910979229,0.15421629202064957,0.3400174367916303
0.000327,0.24273504273504273,0.06528189910979229,0.1540084709224175,0.33914559721011334
0.000326,0.24273504273504273,0.06489675516224189,0.1538158989486423,0.33740191804707936
0.000324,0.24190800681431004,0.06451612903225806,0.15321206792328407,0.33391455972101136
0.000323,0.24149659863945577,0.06451612903225806,0.15300636383585692,0.3330427201394943
0.000321,0.24067796610169492,0.0641399416909621,0.15240895389632853,0.3295553618134263
0.000322,0.24067796610169492,0.0641399416909621,0.15240895389632853,0.3295553618134263
0.000319,0.24027072758037224,0.06395348837209303,0.15211210797623265,0.32781168265039234
0.000317,0.23946037099494097,0.06395348837209303,0.151706929683517,0.3260680034873583
0.000314,0.23905723905723905,0.06376811594202898,0.15141267749963402,0.32432432432432434
0.000316,0.23905723905723905,0.06376811594202898,0.15141267749963402,0.32432432432432434
0.000313,0.23865546218487396,0.06358381502890173,0.15111963860688785,0.3225806451612903
0.000312,0.23785594639865998,0.06358381502890173,0.15071988071378084,0.32083696599825634
0.000303,0.2370617696160267,0.06358381502890173,0.1503227923224642,0.3190932868352223
0.000307,0.2370617696160267,0.06358381502890173,0.1503227923224642,0.3190932868352223
0.0003,0.23588039867109634,0.06340057636887608,0.1496404875199862,0.3156059285091543
0.000298,0.23548922056384744,0.06340057636887608,0.14944489846636178,0.3147340889276373
0.000299,0.23548922056384744,0.06340057636887608,0.14944489846636178,0.3147340889276373
0.000271,0.23089430894308943,0.0679886685552408,0.14944148874916513,0.3007846556233653
0.000292,0.23509933774834438,0.06321839080459771,0.14915886427647104,0.3129904097646033
0.000296,0.23509933774834438,0.06321839080459771,0.14915886427647104,0.3129904097646033
0.00027,0.23014586709886548,0.0679886685552408,0.14906726782705315,0.2990409764603313
0.000268,0.2297734627831715,0.06779661016949153,0.1487850364763315,0.2972972972972973
0.000265,0.2294022617124394,0.06779661016949153,0.14859943594096547,0.29642545771578027
0.000267,0.2294022617124394,0.06779661016949153,0.14859943594096547,0.29642545771578027
0.000288,0.23393739703459637,0.06303724928366762,0.148487323159132,0.3095030514385353
0.000261,0.2294022617124394,0.06741573033707865,0.14840899602475904,0.2946817785527463
0.000264,0.2294022617124394,0.06741573033707865,0.14840899602475904,0.2946817785527463
0.000286,0.23393739703459637,0.06285714285714286,0.1483972699458696,0.3086312118570183
0.00026,0.2294022617124394,0.06722689075630252,0.14831457623437097,0.2938099389712293
0.000258,0.22903225806451613,0.06722689075630252,0.14812957441040933,0.29293809938971227
0.000281,0.23316912972085385,0.06285714285714286,0.14801313628899837,0.30688753269398433
0.000284,0.23316912972085385,0.06285714285714286,0.14801313628899837,0.30688753269398433
0.000237,0.22432859399684044,0.07142857142857142,0.14787858271270593,0.2772449869224063
0.000238,0.22432859399684044,0.07142857142857142,0.14787858271270593,0.2772449869224063
0.000255,0.2286634460547504,0.0670391061452514,0.1478512761000009,0.2911944202266783
0.00028,0.23278688524590163,0.06285714285714286,0.14782201405152223,0.3060156931124673
0.000254,0.2282958199356913,0.06685236768802229,0.1475740938118568,0.28945074106364427
0.000253,0.2282958199356913,0.06666666666666667,0.14748124330117898,0.2885789014821273
0.000235,0.22362204724409449,0.07123287671232877,0.14742746197821163,0.2746294681778553
0.000236,0.22362204724409449,0.07123287671232877,0.14742746197821163,0.2746294681778553
0.000279,0.23202614379084968,0.06267806267806268,0.1473521032344562,0.30340017436791633
0.000251,0.22792937399678972,0.0664819944598338,0.14720568422831176,0.2868352223190933
0.00025,0.22756410256410256,0.0664819944598338,0.14702304851196818,0.28596338273757627
0.000278,0.23127035830618892,0.06267806267806268,0.1469742104921258,0.3016564952048823
0.000228,0.2225705329153605,0.07123287671232877,0.14690170481384462,0.27201394943330426
0.000233,0.2225705329153605,0.07123287671232877,0.14690170481384462,0.27201394943330426
0.000249,0.2272,0.0664819944598338,0.1468409972299169,0.2850915431560593
0.000276,0.23089430894308943,0.06267806267806268,0.14678618581057606,0.3007846556233653
0.000277,0.23089430894308943,0.06267806267806268,0.14678618581057606,0.3007846556233653
0.000227,0.2222222222222222,0.07123287671232877,0.14672754946727548,0.27114210985178727
0.000247,0.2268370607028754,0.0664819944598338,0.1466595275813546,0.2842197035745423
0.000225,0.2222222222222222,0.07103825136612021,0.1466302367941712,0.2702702702702703
0.000246,0.2268370607028754,0.06629834254143646,0.14656770162215593,0.2833478639930253
0.000245,0.22647527910685805,0.06629834254143646,0.14638681082414726,0.28247602441150826
0.000222,0.22152886115444617,0.07103825136612021,0.1462835562602832,0.26852659110723626
0.000221,0.22118380062305296,0.07084468664850137,0.14601424363577717,0.2667829119442023
0.000197,0.21812596006144394,0.07349081364829396,0.14580838685486897,0.24847428073234526
0.000241,0.2253968253968254,0.06611570247933884,0.1457562639380821,0.27898866608544026
0.000196,0.21779141104294478,0.07349081364829396,0.14564111234561938,0.24760244115082825
0.000219,0.2208398133748056,0.07027027027027027,0.14555504182253792,0.2632955536181343
0.000217,0.2204968944099379,0.07008086253369272,0.14528887847181532,0.26155187445510025
0.000218,0.2204968944099379,0.07008086253369272,0.14528887847181532,0.26155187445510025
0.000193,0.21712538226299694,0.07329842931937172,0.14521190579118431,0.24498692240627726
0.000191,0.216793893129771,0.0731070496083551,0.14495047136906303,0.24324324324324326
0.000215,0.22015503875968992,0.06951871657754011,0.14483687766861503,0.25806451612903225
0.000216,0.22015503875968992,0.06951871657754011,0.14483687766861503,0.25806451612903225
0.000187,0.21646341463414634,0.07272727272727272,0.14459534368070953,0.24062772449869224
0.000189,0.21646341463414634,0.07272727272727272,0.14459534368070953,0.24062772449869224
0.000212,0.21947449768160743,0.06933333333333333,0.1444039155074704,0.25544899738448124
0.000213,0.21947449768160743,0.06933333333333333,0.1444039155074704,0.25544899738448124
0.000183,0.21580547112462006,0.07272727272727272,0.14426637192594638,0.23888404533565824
0.000209,0.21947449768160743,0.06896551724137931,0.14422000746149338,0.25370531822144726
0.000207,0.2191358024691358,0.06896551724137931,0.14405065985525756,0.2528334786399303
0.000208,0.2191358024691358,0.06896551724137931,0.14405065985525756,0.2528334786399303
0.000205,0.2191358024691358,0.06878306878306878,0.1439594356261023,0.25196163905841323
0.000179,0.21515151515151515,0.07272727272727272,0.14393939393939392,0.23714036617262424
0.000204,0.2191358024691358,0.06860158311345646,0.14386869279129613,0.25108979947689625
0.000178,0.21515151515151515,0.07235142118863049,0.1437514681700728,0.23539668700959024
0.000176,0.21482602118003025,0.07235142118863049,0.14358872118433036,0.23452484742807322
0.0002,0.21846153846153846,0.06860158311345646,0.14353156078749746,0.24934612031386225
0.000199,0.21846153846153846,0.06842105263157895,0.1434412955465587,0.24847428073234526
0.000175,0.21482602118003025,0.07197943444730077,0.1434027278136655,0.23278116826503922
0.000173,0.21417797888386123,0.07179487179487179,0.1429864253393665,0.23016564952048824
0.000174,0.21417797888386123,0.07179487179487179,0.1429864253393665,0.23016564952048824
0.000168,0.21417797888386123,0.07161125319693094,0.14289461604039608,0.22929380993897122
0.000167,0.21417797888386123,0.07106598984771574,0.1426219843657885,0.22667829119442023
0.000165,0.21417797888386123,0.07088607594936709,0.14253202741661417,0.22580645161290322
0.000163,0.21385542168674698,0.0707070707070707,0.14228124619690885,0.22406277244986922
0.000158,0.21385542168674698,0.07052896725440806,0.14219219447057752,0.22319093286835223
0.00016,0.21385542168674698,0.07052896725440806,0.14219219447057752,0.22319093286835223
0.000155,0.2132132132132132,0.07017543859649122,0.1416943259048522,0.21970357454228423
0.000153,0.2128935532233883,0.07,0.14144677661169414,0.21795989537925023
0.000151,0.2125748502994012,0.06982543640897755,0.14120014335418937,0.21621621621621623
0.000149,0.21194029850746268,0.06982543640897755,0.14088286745822012,0.21447253705318223
0.00015,0.21194029850746268,0.06982543640897755,0.14088286745822012,0.21447253705318223
0.000146,0.21194029850746268,0.06965174129353234,0.1407960199004975,0.2136006974716652
0.000144,0.21162444113263784,0.06965174129353234,0.1406380912130851,0.21272885789014823
0.000121,0.20851688693098386,0.07228915662650602,0.14040302177874495,0.1944202266782912
0.00014,0.2113095238095238,0.06947890818858561,0.14039421599905472,0.2109851787271142
0.000143,0.2113095238095238,0.06947890818858561,0.14039421599905472,0.2109851787271142
0.00012,0.20821114369501467,0.07228915662650602,0.14025015016076034,0.1935483870967742
0.000119,0.20821114369501467,0.07211538461538461,0.14016326415519964,0.1926765475152572
0.000137,0.21099554234769688,0.0691358024691358,0.14006567240841633,0.2083696599825632
0.000134,0.21099554234769688,0.06896551724137931,0.1399805297945381,0.2074978204010462
0.000135,0.21099554234769688,0.06896551724137931,0.1399805297945381,0.2074978204010462
0.000118,0.20790629575402636,0.07194244604316546,0.1399243708985959,0.1909328683522232
0.000133,0.21099554234769688,0.06862745098039216,0.13981149666404452,0.2057541412380122
0.000113,0.20760233918128654,0.07194244604316546,0.13977239261222602,0.1900610287707062
0.000132,0.21068249258160238,0.06862745098039216,0.13965497178099728,0.2048823016564952
0.00011,0.2072992700729927,0.07194244604316546,0.13962085805807908,0.1891891891891892
0.000129,0.21037037037037037,0.06862745098039216,0.13949891067538128,0.2040104620749782
0.00013,0.21037037037037037,0.06862745098039216,0.13949891067538128,0.2040104620749782
0.000109,0.20699708454810495,0.07194244604316546,0.1394697652956352,0.18831734960767219
0.000106,0.20609579100145137,0.07194244604316546,0.13901911852230842,0.1857018308631212
0.000108,0.20609579100145137,0.07194244604316546,0.13901911852230842,0.1857018308631212
0.000125,0.20913107511045656,0.06862745098039216,0.13887926304542436,0.2005231037489102
0.000105,0.20579710144927535,0.07177033492822966,0.13878371818875251,0.1839581517000872
0.000124,0.20913107511045656,0.06829268292682927,0.1387118790186429,0.1987794245858762
0.000123,0.20913107511045656,0.0681265206812652,0.13862879789586088,0.1979075850043592
0.000102,0.20549927641099855,0.07142857142857142,0.138463923919785,0.18134263295553618
0.000122,0.2088235294117647,0.06796116504854369,0.1383923472301542,0.1961639058413252
0.000101,0.20520231213872833,0.07142857142857142,0.13831544178364988,0.18047079337401917
0.0001,0.20461095100864554,0.07142857142857142,0.13801976121860848,0.17872711421098517
