snpatho_threshold,auc_gain,auc_loss,auc_mean,n_truth_gain,n_truth_loss
0.020151,0.9695010209958637,0.8604664014146772,0.9149837112052704,71,16
0.020156,0.9695010209958637,0.8604664014146772,0.9149837112052704,71,16
0.020136,0.9699483204134367,0.8586673607496096,0.9143078405815231,72,17
0.020433,0.9696246186496883,0.8531213191990576,0.911372968924373,70,15
0.020296,0.9695010209958637,0.8531213191990576,0.9113111700974607,71,15
0.020076,0.9699483204134367,0.8500639700816849,0.9100061452475607,72,18
0.020067,0.966238106170761,0.8500639700816849,0.908151038126223,73,18
0.021405,0.9702338766832033,0.8443501920614598,0.9072920343723315,68,11
0.02126,0.9695356403430937,0.8443501920614598,0.9069429162022767,69,11
0.021396,0.9695356403430937,0.8443501920614598,0.9069429162022767,69,11
0.019204,0.9645149253731344,0.8448786264061575,0.904696775889646,75,21
0.019429,0.9661847308632023,0.8406388642413487,0.9034117975522755,74,20
0.014123,0.929951473759885,0.8760281655034896,0.9029898196316872,107,59
0.015404,0.9424154492695617,0.8631358249772105,0.9027756371233862,95,50
0.020452,0.9696246186496883,0.835707502374169,0.9026660605119287,70,13
0.020655,0.9696246186496883,0.835707502374169,0.9026660605119287,70,13
0.020802,0.9695356403430937,0.835707502374169,0.9026215713586314,69,13
0.019315,0.9645149253731344,0.8406388642413487,0.9025768948072416,75,20
0.014201,0.929951473759885,0.8747348089040878,0.9023431413319865,107,58
0.008041,0.9022343249882142,0.9023724345697609,0.9023033797789876,164,113
0.008055,0.9021834006683624,0.9023724345697609,0.9022779176190616,163,113
0.013794,0.9282251452607565,0.8760281655034896,0.902126655382123,108,59
0.014057,0.9282251452607565,0.8760281655034896,0.902126655382123,108,59
0.019602,0.966238106170761,0.8372993654348637,0.9017687358028124,73,19
0.0197,0.966238106170761,0.8372993654348637,0.9017687358028124,73,19
0.019485,0.9661847308632023,0.8372993654348637,0.901742048149033,74,19
0.019027,0.9584901080228183,0.8448786264061575,0.9016843672144879,77,21
0.019084,0.9584901080228183,0.8448786264061575,0.9016843672144879,77,21
0.01546,0.9427471661514215,0.8605070443477938,0.9016271052496077,94,49
0.015473,0.9427471661514215,0.8605070443477938,0.9016271052496077,94,49
0.00806,0.9021834006683624,0.9009748102139407,0.9015791054411515,163,112
0.008086,0.9021834006683624,0.9009748102139407,0.9015791054411515,163,112
0.015367,0.939442594354583,0.8631358249772105,0.9012892096658968,96,50
0.007448,0.8976047904191616,0.9043822471011596,0.9009935187601605,167,122
0.009267,0.8998660822985147,0.9021107927411652,0.90098843751984,148,100
0.009295,0.8998660822985147,0.9021107927411652,0.90098843751984,148,100
0.008252,0.9014601742182115,0.9005055593855509,0.9009828668018811,162,109
0.021411,0.9696655610834716,0.8322779243623571,0.9009717427229144,67,10
0.021439,0.9696655610834716,0.8322779243623571,0.9009717427229144,67,10
0.014252,0.929951473759885,0.8719298245614034,0.9009406491606442,107,57
0.009199,0.8989234369775996,0.902940007193836,0.9009317220857178,150,101
0.009229,0.8989234369775996,0.902940007193836,0.9009317220857178,150,101
0.015495,0.9427471661514215,0.8590385198665453,0.9008928430089834,94,48
0.021735,0.9694446780478232,0.8322593243507127,0.900852001199268,66,9
0.021947,0.9694446780478232,0.8322593243507127,0.900852001199268,66,9
0.015648,0.9427471661514215,0.858843738893496,0.9007954525224587,94,46
0.007432,0.8971757360148112,0.9043822471011596,0.9007789915579854,169,122
0.007205,0.8949389324755789,0.9065052186800365,0.9007220755778077,173,124
0.007192,0.8948683417797781,0.9065052186800365,0.9006867802299073,174,124
0.008288,0.9005959205271314,0.9005055593855509,0.9005507399563412,161,109
0.008535,0.9005959205271314,0.9005055593855509,0.9005507399563412,161,109
0.009238,0.8981520087154174,0.902940007193836,0.9005460079546268,149,101
0.008134,0.9021834006683624,0.8988866485491366,0.9005350246087496,163,110
0.008158,0.9021834006683624,0.8988866485491366,0.9005350246087496,163,110
0.007442,0.8963410185320296,0.9043822471011596,0.9003616328165946,168,122
0.015243,0.9373981345115366,0.8631358249772105,0.9002669797443736,97,50
0.015314,0.9373981345115366,0.8631358249772105,0.9002669797443736,97,50
0.007471,0.8976047904191616,0.9028804794355034,0.9002426349273325,167,121
0.007242,0.8939355992844367,0.9065052186800365,0.9002204089822365,172,124
0.007123,0.8948683417797781,0.9053776908023483,0.9001230162910632,174,125
0.008558,0.9005192502532929,0.8996364025237943,0.9000778263885436,160,108
0.015202,0.936927297134297,0.8631358249772105,0.9000315610557538,98,50
0.007787,0.899186961914938,0.9008712969878019,0.9000291294513699,166,117
0.0147,0.9364226304725346,0.8635085222459422,0.8999655763592385,105,54
0.023623,0.9697761312181374,0.8301197779725387,0.899947954595338,58,6
0.014719,0.9362792006754854,0.8635085222459422,0.8998938614607138,102,54
0.007108,0.8942807321411852,0.9053776908023483,0.8998292114717668,176,125
0.00709,0.8942807321411852,0.9053604464965875,0.8998205893188864,176,126
0.018878,0.9595836031757454,0.840051059879313,0.8998173315275292,78,23
0.007926,0.9008825526137135,0.8987276710481967,0.8998051118309551,165,115
0.009121,0.8978230804010745,0.9017543859649122,0.8997887331829933,151,102
0.009192,0.8978230804010745,0.9017543859649122,0.8997887331829933,151,102
0.015044,0.9363385766057521,0.8631358249772105,0.8997372007914813,99,50
0.009418,0.8989523809523808,0.9004260158840312,0.899689198418206,147,99
0.009465,0.8989523809523808,0.9004260158840312,0.899689198418206,147,99
0.009107,0.8980759058450145,0.9012480005951716,0.8996619532200931,152,103
0.007595,0.8976047904191616,0.9016774024785011,0.8996410964488314,167,119
0.008574,0.899581137168029,0.8996364025237943,0.8996087698459116,159,108
0.007287,0.8939355992844367,0.9052575584349595,0.899596578859698,172,123
0.014738,0.9356530299301441,0.8635085222459422,0.8995807760880432,101,54
0.014789,0.9356530299301441,0.8635085222459422,0.8995807760880432,101,54
0.01577,0.9438391381526595,0.8551119177253479,0.8994755279390036,93,45
0.007862,0.899186961914938,0.8996789190273923,0.8994329404711652,166,116
0.00788,0.899186961914938,0.8996789190273923,0.8994329404711652,166,116
0.014266,0.929951473759885,0.8688784863166165,0.8994149800382507,107,56
0.019022,0.9595836031757454,0.8391919191919193,0.8993877611838323,78,22
0.007947,0.9008825526137135,0.897734413478032,0.8993084830458727,165,114
0.009467,0.8981703228278569,0.9004260158840312,0.8992981693559441,146,99
0.014338,0.9296032479654904,0.8688784863166165,0.8992408671410534,106,56
0.007333,0.8932209280030678,0.9052575584349595,0.8992392432190137,171,123
0.007344,0.8932209280030678,0.9052575584349595,0.8992392432190137,171,123
0.007629,0.8976047904191616,0.9008416926092471,0.8992232415142043,167,118
0.007668,0.8976047904191616,0.9008416926092471,0.8992232415142043,167,118
0.01482,0.9353390639923591,0.8630264564864958,0.8991827602394274,100,53
0.014859,0.9353390639923591,0.8630264564864958,0.8991827602394274,100,53
0.008607,0.899581137168029,0.8984543493889289,0.8990177432784789,159,107
0.008626,0.899581137168029,0.8984543493889289,0.8990177432784789,159,107
0.007906,0.899186961914938,0.8987276710481967,0.8989573164815674,166,115
0.013778,0.9274981881175868,0.8704078503526527,0.8989530192351197,109,60
0.015777,0.9427673603956316,0.8551119177253479,0.8989396390604898,92,45
0.015782,0.9427673603956316,0.8551119177253479,0.8989396390604898,92,45
0.015687,0.9427471661514215,0.8551119177253479,0.8989295419383847,94,45
0.013477,0.9267365821419875,0.8708636836628512,0.8988001329024193,111,62
0.014908,0.9353390639923591,0.8622058306989814,0.8987724473456702,100,52
0.013775,0.927079863241869,0.8704078503526527,0.8987438567972608,110,60
0.007382,0.8930218556204468,0.9043822471011596,0.8987020513608032,170,122
0.007395,0.8930218556204468,0.9043822471011596,0.8987020513608032,170,122
0.010999,0.909999079980373,0.8872636815920398,0.8986313807862064,128,75
0.013652,0.9267365821419875,0.8704078503526527,0.8985722162473201,111,60
0.013773,0.9267365821419875,0.8704078503526527,0.8985722162473201,111,60
0.008704,0.8986893806555657,0.8984543493889289,0.8985718650222473,158,107
0.014983,0.9363385766057521,0.8604551309574926,0.8983968537816224,99,51
0.01163,0.9121076442330115,0.8841993826688095,0.8981535134509104,126,73
0.007081,0.8942807321411852,0.9018372703412074,0.8980590012411963,176,127
0.008973,0.8975948522776316,0.8983182524449319,0.8979565523612818,154,105
0.00947,0.8981703228278569,0.8976926853215513,0.8979315040747041,146,97
0.009493,0.8981703228278569,0.8976926853215513,0.8979315040747041,146,97
0.008763,0.8985355377888173,0.8972323419063672,0.8978839398475923,156,106
0.012887,0.9220458878223353,0.873643932385838,0.8978449101040866,116,66
0.012964,0.9220458878223353,0.873643932385838,0.8978449101040866,116,66
0.011977,0.9138708414872798,0.8817829457364341,0.897826893611857,125,72
0.008738,0.8982178472624333,0.8972323419063672,0.8977250945844002,157,106
0.014604,0.9296032479654904,0.8657842157842157,0.897693731874853,106,55
0.013552,0.9267365821419875,0.8685958397488149,0.8976662109454012,111,61
0.008977,0.8982588340500519,0.8968950512574674,0.8975769426537596,153,104
0.011058,0.909999079980373,0.8851414322057378,0.8975702560930554,128,74
0.011159,0.909999079980373,0.8851414322057378,0.8975702560930554,128,74
0.009014,0.8980759058450145,0.8968950512574674,0.897485478551241,152,104
0.009089,0.8980759058450145,0.8968950512574674,0.897485478551241,152,104
0.009518,0.8981703228278569,0.8967748969235648,0.8974726098757109,146,96
0.008815,0.8975948522776316,0.8972323419063672,0.8974135970919994,154,106
0.00885,0.8975948522776316,0.8972323419063672,0.8974135970919994,154,106
0.018514,0.9546769070307686,0.840051059879313,0.8973639834550408,79,23
0.018526,0.9546769070307686,0.840051059879313,0.8973639834550408,79,23
0.009555,0.8982173583866748,0.8964155098906872,0.897316434138681,145,94
0.00959,0.8982173583866748,0.8964155098906872,0.897316434138681,145,94
0.009598,0.8982173583866748,0.8964145889140738,0.8973159736503743,145,92
0.00952,0.8981703228278569,0.8964155098906872,0.897292916359272,146,94
0.011324,0.909999079980373,0.8841993826688095,0.8970992313245912,128,73
0.006675,0.8955745879311141,0.8984342128989601,0.897004400415037,179,131
0.006685,0.8955745879311141,0.8984342128989601,0.897004400415037,179,131
0.013341,0.923107623851497,0.8708636836628512,0.8969856537571741,114,62
0.011718,0.9121076442330115,0.8817829457364341,0.8969452949847228,126,72
0.011869,0.9121076442330115,0.8817829457364341,0.8969452949847228,126,72
0.012804,0.9212470980610142,0.872636815920398,0.8969419569907061,119,67
0.00667,0.8942433643571183,0.8996342737722048,0.8969388190646616,180,132
0.013367,0.9229557864466544,0.8708636836628512,0.8969097350547528,113,62
0.009592,0.8982173583866748,0.8955846646671155,0.8969010115268952,145,93
0.010973,0.9042886949635247,0.8894785984569267,0.8968836467102257,129,76
0.012882,0.9199900423201394,0.873643932385838,0.8968169873529888,117,66
0.012067,0.9138708414872798,0.8797450128278967,0.8968079271575883,125,71
0.006738,0.8964877494463189,0.8966585949041288,0.8965731721752239,178,129
0.006646,0.8942433643571183,0.8988818199344515,0.8965625921457849,180,133
0.014675,0.9296032479654904,0.8635085222459422,0.8965558851057163,106,54
0.012817,0.920418046153086,0.872636815920398,0.8965274310367419,118,67
0.013247,0.9221351533535558,0.8708636836628512,0.8964994185082035,115,62
0.013302,0.9221351533535558,0.8708636836628512,0.8964994185082035,115,62
0.010227,0.8999783189997832,0.8930165679457465,0.8964974434727648,137,88
0.010244,0.8999783189997832,0.8930165679457465,0.8964974434727648,137,88
0.006708,0.8955745879311141,0.8974132062627639,0.8964938970969389,179,130
0.013142,0.9221351533535558,0.8707727377654664,0.8964539455595111,115,64
0.013059,0.9220458878223353,0.8707727377654664,0.8964093127939008,116,64
0.016167,0.9427673603956316,0.8500107735401853,0.8963890669679084,92,42
0.006923,0.8942807321411852,0.8983914990186457,0.8963361155799154,176,128
0.009612,0.8976057937299213,0.8947510822510822,0.8961784379905018,144,91
0.009697,0.8976057937299213,0.8947510822510822,0.8961784379905018,144,91
0.006867,0.8956083639117013,0.8966585949041288,0.896133479407915,177,129
0.006881,0.8956083639117013,0.8966585949041288,0.896133479407915,177,129
0.015812,0.9427673603956316,0.8494059656218402,0.8960866630087359,92,43
0.015885,0.9427673603956316,0.8494059656218402,0.8960866630087359,92,43
0.006563,0.8931345298148085,0.8988818199344515,0.89600817487463,181,133
0.006633,0.8931345298148085,0.8988818199344515,0.89600817487463,181,133
0.012507,0.9156960353132602,0.8762872738028017,0.8959916545580309,121,69
0.016183,0.9417561605061604,0.8500107735401853,0.8958834670231728,91,42
0.013165,0.9221351533535558,0.8691794060797751,0.8956572797166654,115,63
0.010106,0.8982671006052301,0.8930165679457465,0.8956418342754883,139,88
0.010142,0.8982671006052301,0.8930165679457465,0.8956418342754883,139,88
0.009698,0.8976057937299213,0.8934920668634906,0.8955489302967059,144,89
0.00973,0.8976057937299213,0.8934920668634906,0.8955489302967059,144,89
0.006527,0.890954130104528,0.9001267109663922,0.89554042053546,183,134
0.00653,0.890954130104528,0.9001267109663922,0.89554042053546,183,134
0.006534,0.8921824289699938,0.8988818199344515,0.8955321244522226,182,133
0.006886,0.8942807321411852,0.8966585949041288,0.895469663522657,176,129
0.010285,0.8986734159539187,0.8921708956842334,0.895422155819076,136,87
0.01029,0.8986734159539187,0.8921708956842334,0.895422155819076,136,87
0.009885,0.8972671852007569,0.8934920668634906,0.8953796260321237,142,89
0.009903,0.8972671852007569,0.8934920668634906,0.8953796260321237,142,89
0.012748,0.9178838039597533,0.872636815920398,0.8952603099400757,120,67
0.010959,0.9009605929959912,0.8894785984569267,0.8952195957264589,130,76
0.006076,0.8904850272282422,0.8999300559552359,0.8952075415917391,189,139
0.006079,0.8898009895059126,0.9003892503698596,0.895095119937886,188,138
0.00614,0.8898009895059126,0.9003892503698596,0.895095119937886,188,138
0.010062,0.8966803801957725,0.8934920668634906,0.8950862235296315,140,89
0.010091,0.8966803801957725,0.8934920668634906,0.8950862235296315,140,89
0.012185,0.9138708414872798,0.8762872738028017,0.8950790576450407,125,69
0.018332,0.9508836541356867,0.8392327100029683,0.8950581820693275,81,24
0.018409,0.9508836541356867,0.8392327100029683,0.8950581820693275,81,24
0.012677,0.9156960353132602,0.8742572098348144,0.8949766225740372,121,68
0.012703,0.9156960353132602,0.8742572098348144,0.8949766225740372,121,68
0.010924,0.9009605929959912,0.8888335963102317,0.8948970946531114,130,77
0.010954,0.9009605929959912,0.8888335963102317,0.8948970946531114,130,77
0.018468,0.9502460168697282,0.8392327100029683,0.8947393634363483,80,24
0.012242,0.9131901743764387,0.8762872738028017,0.8947387240896202,124,69
0.012276,0.9131901743764387,0.8762872738028017,0.8947387240896202,124,69
0.006156,0.8898009895059126,0.8995085639950857,0.8946547767504991,188,137
0.012331,0.9128080538617885,0.8762872738028017,0.8945476638322951,123,69
0.006518,0.8879181904374915,0.9009442248572683,0.8944312076473799,184,135
0.018305,0.9493072254666208,0.8392327100029683,0.8942699677347945,82,24
0.006061,0.888439751416158,0.8999300559552359,0.894184903685697,190,139
0.006066,0.888439751416158,0.8999300559552359,0.894184903685697,190,139
0.010299,0.8986734159539187,0.889431704885344,0.8940525604196313,136,85
0.010354,0.8986734159539187,0.889431704885344,0.8940525604196313,136,85
0.006334,0.8879181904374915,0.8998298132309304,0.893874001834211,184,136
0.006504,0.8879181904374915,0.8998298132309304,0.893874001834211,184,136
0.006172,0.8882324639432491,0.8995085639950857,0.8938705139691674,186,137
0.00625,0.8882324639432491,0.8995085639950857,0.8938705139691674,186,137
0.00631,0.8879181904374915,0.8995085639950857,0.8937133772162886,184,137
0.00559,0.8835797254487857,0.9033794890368596,0.8934796072428226,200,143
0.005649,0.8835797254487857,0.9026907714946395,0.8931352484717126,200,142
0.005944,0.8863001745200699,0.8999300559552359,0.8931151152376529,192,139
0.006014,0.8863001745200699,0.8999300559552359,0.8931151152376529,192,139
0.005541,0.8835797254487857,0.9026323806358703,0.893106053042328,200,144
0.005556,0.8835797254487857,0.9026323806358703,0.893106053042328,200,144
0.010365,0.8986734159539187,0.8875263181472025,0.8930998670505605,136,84
0.005682,0.8835797254487857,0.9026197425376817,0.8930997339932337,200,141
0.010712,0.8972309299895508,0.8888335963102317,0.8930322631498913,132,77
0.010721,0.8972309299895508,0.8888335963102317,0.8930322631498913,132,77
0.005913,0.8858569249575405,0.8999300559552359,0.8928934904563882,194,139
0.005462,0.882992327365729,0.9026323806358703,0.8928123540007996,204,144
0.005467,0.882992327365729,0.9026323806358703,0.8928123540007996,204,144
0.016422,0.9417561605061604,0.8438032627221816,0.892779711614171,91,37
0.022286,0.970971837488458,0.8145302897278315,0.8927510636081447,64,8
0.022308,0.970971837488458,0.8145302897278315,0.8927510636081447,64,8
0.005916,0.8854944004518743,0.8999300559552359,0.8927122282035551,193,139
0.005509,0.8826654093980827,0.9026323806358703,0.8926488950169764,202,144
0.005514,0.8826654093980827,0.9026323806358703,0.8926488950169764,202,144
0.004551,0.8803565501872838,0.9048267654059772,0.8925916577966304,230,152
0.022425,0.9706407016500669,0.8145302897278315,0.8925854956889492,62,8
0.005344,0.881806169639681,0.9030284259068071,0.8924172977732441,210,145
0.005363,0.881806169639681,0.9030284259068071,0.8924172977732441,210,145
0.005684,0.8835797254487857,0.9011632855724218,0.8923715055106037,200,140
0.016607,0.9417561605061604,0.842909290929093,0.8923327257176267,91,36
0.005066,0.880407226270087,0.904164328821863,0.892285777545975,215,146
0.010389,0.8973063973063972,0.8872520155811214,0.8922792064437592,135,83
0.005316,0.8814700837453334,0.9030284259068071,0.8922492548260703,212,145
0.005323,0.8814700837453334,0.9030284259068071,0.8922492548260703,212,145
0.022607,0.9698396884340186,0.8145302897278315,0.892184989080925,61,8
0.022625,0.9698396884340186,0.8145302897278315,0.892184989080925,61,8
0.005389,0.8809467309101039,0.9030284259068071,0.8919875784084554,206,145
0.022213,0.9694446780478232,0.8145302897278315,0.8919874838878273,66,8
0.010413,0.8973199157224735,0.8866330834114339,0.8919764995669537,134,80
0.00525,0.8808235918702608,0.9030284259068071,0.8919260088885339,214,145
0.001806,0.8687720749917638,0.915041317292502,0.8919066961421329,313,211
0.010436,0.8973199157224735,0.8864862920054688,0.8919031038639711,134,78
0.010442,0.8973199157224735,0.8864862920054688,0.8919031038639711,134,78
0.00457,0.8803565501872838,0.903421633554084,0.8918890918706839,230,151
0.005863,0.8825940470825554,0.9011632855724218,0.8918786663274886,196,140
0.005889,0.8825940470825554,0.9011632855724218,0.8918786663274886,196,140
0.018238,0.9475609203732223,0.8361853832442068,0.8918731518087145,83,25
0.004986,0.881477627471384,0.9022468414360307,0.8918622344537074,217,148
0.005375,0.8806917463254189,0.9030284259068071,0.891860086116113,207,145
0.00578,0.8825345126714991,0.9011632855724218,0.8918488991219604,198,140
0.016323,0.9417561605061604,0.841869918699187,0.8918130396026738,91,40
0.016331,0.9417561605061604,0.841869918699187,0.8918130396026738,91,40
0.00191,0.8685806087849788,0.9150150119166761,0.8917978103508275,309,206
0.005893,0.8824175824175825,0.9011632855724218,0.8917904339950021,195,140
0.005396,0.8809467309101039,0.9026323806358703,0.8917895557729871,206,144
0.005442,0.8809467309101039,0.9026323806358703,0.8917895557729871,206,144
0.0051,0.880407226270087,0.9030284259068071,0.8917178260884471,215,145
0.005146,0.880407226270087,0.9030284259068071,0.8917178260884471,215,145
0.010628,0.8968797733979921,0.8864862920054688,0.8916830327017304,133,78
0.005834,0.8821533529254609,0.9011632855724218,0.8916583192489413,197,140
0.001915,0.8682530223054656,0.9150150119166761,0.8916340171110708,308,206
0.001898,0.8680965044128416,0.9150150119166761,0.8915557581647588,310,206
0.001909,0.8680965044128416,0.9150150119166761,0.8915557581647588,310,206
0.010429,0.8973199157224735,0.8857677902621723,0.891543852992323,134,79
0.004616,0.8805146707901419,0.9025409562019391,0.8915278134960405,228,150
0.004629,0.8805146707901419,0.9025409562019391,0.8915278134960405,228,150
0.010393,0.8973063973063972,0.8856635749456085,0.8914849861260028,135,82
0.010404,0.8973063973063972,0.8856635749456085,0.8914849861260028,135,82
0.004475,0.8778143254125788,0.9048267654059772,0.891320545409278,231,152
0.004541,0.8778143254125788,0.9048267654059772,0.891320545409278,231,152
0.005051,0.881477627471384,0.9011632653061225,0.8913204463887532,217,147
0.005053,0.881477627471384,0.9011632653061225,0.8913204463887532,217,147
0.004592,0.8800410994091958,0.9025409562019391,0.8912910278055675,229,150
0.001823,0.8684784277598648,0.9140265284342126,0.8912524780970388,312,210
0.005057,0.8812905279070693,0.9011632653061225,0.8912268966065959,216,147
0.004253,0.8770766615640349,0.9053318135764944,0.8912042375702647,233,160
0.004935,0.8799696898126278,0.9022468414360307,0.8911082656243292,219,148
0.023045,0.970681704885344,0.8115288220551379,0.891105263470241,59,7
0.023479,0.970681704885344,0.8115288220551379,0.891105263470241,59,7
0.004945,0.8798945299769902,0.9022468414360307,0.8910706857065105,218,148
0.004634,0.8795941310426335,0.9025409562019391,0.8910675436222864,226,150
0.00223,0.8697081335154191,0.9123873605867526,0.8910477470510858,296,194
0.002157,0.8695454975705181,0.9123873605867526,0.8909664290786354,299,194
0.002194,0.8695454975705181,0.9123873605867526,0.8909664290786354,299,194
0.004636,0.8793637020968909,0.9025409562019391,0.890952329149415,225,150
0.004657,0.8793637020968909,0.9025409562019391,0.890952329149415,225,150
0.001796,0.8668231623859735,0.915041317292502,0.8909322398392377,314,211
0.002327,0.870559961547705,0.9111965240641711,0.8908782428059381,292,187
0.004317,0.8770766615640349,0.9046482316095027,0.8908624465867687,233,159
0.004726,0.8791178925708074,0.9025409562019391,0.8908294243863732,223,150
0.002352,0.8697690850114013,0.9118525729247088,0.890810828968055,291,186
0.004801,0.8779693206720233,0.90364621861172,0.8908077696418717,222,149
0.00482,0.8779693206720233,0.90364621861172,0.8908077696418717,222,149
0.00175,0.86650962362777,0.915041317292502,0.890775470460136,318,211
0.001871,0.8674979615071001,0.9140265284342126,0.8907622449706564,311,210
0.004466,0.8778143254125788,0.9036177851422259,0.8907160552774023,231,153
0.002141,0.8679929161747344,0.913359189829778,0.8906760530022562,300,195
0.023017,0.9697332106715731,0.8115288220551379,0.8906310163633555,60,7
0.002222,0.8688413547237077,0.9123873605867526,0.8906143576552301,297,194
0.002027,0.8671684772429294,0.914021584716833,0.8905950309798812,304,199
0.00442,0.8778143254125788,0.9033157390876866,0.8905650322501326,231,156
0.00176,0.8660826270381209,0.915041317292502,0.8905619721653115,317,211
0.002247,0.8687077265855018,0.9123873605867526,0.8905475435861272,295,194
0.002252,0.8687077265855018,0.9123873605867526,0.8905475435861272,295,194
0.001761,0.866022330880897,0.915041317292502,0.8905318240866995,316,211
0.00207,0.867959426274381,0.9130590435479562,0.8905092349111686,303,197
0.00208,0.867959426274381,0.9130590435479562,0.8905092349111686,303,197
0.00194,0.8672017992864898,0.9138107814199161,0.890506290353203,307,205
0.002961,0.8731863102572486,0.9077868852459016,0.890486597751575,273,171
0.002349,0.8697690850114013,0.9111965240641711,0.8904828045377862,291,187
0.00237,0.8697690850114013,0.9111760409057705,0.8904725629585859,291,185
0.002047,0.8671684772429294,0.9136996945216124,0.8904340858822709,304,198
0.002023,0.8667964643121373,0.914021584716833,0.8904090245144851,305,199
0.004346,0.8770766615640349,0.9036042031971944,0.8903404323806146,233,158
0.002134,0.8672784964224846,0.913359189829778,0.8903188431261313,301,195
0.002139,0.8672784964224846,0.913359189829778,0.8903188431261313,301,195
0.001888,0.8674979615071001,0.9130288407586129,0.8902634011328565,311,209
0.004755,0.8779693206720233,0.9025409562019391,0.8902551384369812,222,150
0.004352,0.8769031467872622,0.9036042031971944,0.8902536749922283,232,158
0.004841,0.8768458704299131,0.90364621861172,0.8902460445208166,221,149
0.001678,0.8653302599758161,0.915041317292502,0.8901857886341591,320,211
0.001716,0.8653302599758161,0.915041317292502,0.8901857886341591,320,211
0.002121,0.8672784964224846,0.9130590435479562,0.8901687699852203,301,197
0.017572,0.9473136147114213,0.8329864724245578,0.8901500435679895,85,31
0.017588,0.9473136147114213,0.8329864724245578,0.8901500435679895,85,31
0.004245,0.8741960850394586,0.9060637748352716,0.8901299299373651,234,161
0.004247,0.8741960850394586,0.9060637748352716,0.8901299299373651,234,161
0.001956,0.8673264787484555,0.9128823321481296,0.8901044054482925,306,204
0.001961,0.8673264787484555,0.9128823321481296,0.8901044054482925,306,204
0.004465,0.8778143254125788,0.9023803329864724,0.8900973291995256,231,155
0.002386,0.8697690850114013,0.9103571267325838,0.8900631058719926,291,184
0.002265,0.8687077265855018,0.9113928883071554,0.8900503074463286,295,192
0.002277,0.8687077265855018,0.9113928883071554,0.8900503074463286,295,192
0.001951,0.8672017992864898,0.9128823321481296,0.8900420657173097,307,204
0.00307,0.8722773109243698,0.9077868852459016,0.8900320980851357,272,171
0.002929,0.8722460514544194,0.9077868852459016,0.8900164683501605,274,171
0.004927,0.8776208688830048,0.9022468414360307,0.8899338551595177,220,148
0.002295,0.870146182740388,0.9096133751306166,0.8898797789355023,294,190
0.002921,0.8719724770642202,0.9077868852459016,0.8898796811550609,275,171
0.003077,0.8719018012097928,0.9077868852459016,0.8898443432278471,271,171
0.003121,0.8719018012097928,0.9077868852459016,0.8898443432278471,271,171
0.00289,0.871869748248723,0.9077868852459016,0.8898283167473122,276,171
0.016682,0.9417561605061604,0.8378725590955807,0.8898143598008705,91,35
0.016788,0.9417561605061604,0.8378725590955807,0.8898143598008705,91,35
0.001894,0.8674979615071001,0.9120893749487998,0.8897936682279499,311,208
0.001984,0.8673264787484555,0.9121622332313064,0.889744355989881,306,201
0.002278,0.8687077265855018,0.9107647484063178,0.8897362374959098,295,191
0.00317,0.8716201912084748,0.9077868852459016,0.8897035382271882,269,171
0.001988,0.8667964643121373,0.9125765575501585,0.8896865109311479,305,200
0.00202,0.8667964643121373,0.9125765575501585,0.8896865109311479,305,200
0.001717,0.8642913391788953,0.915041317292502,0.8896663282356987,319,211
0.001667,0.8649461051647018,0.9143376046816668,0.8896418549231844,321,212
0.001675,0.8649461051647018,0.9143376046816668,0.8896418549231844,321,212
0.004374,0.8769031467872622,0.9023483240043749,0.8896257353958186,232,157
0.004397,0.8769031467872622,0.9023483240043749,0.8896257353958186,232,157
0.001968,0.8673264787484555,0.9118936294564581,0.8896100541024567,306,203
0.002393,0.8697690850114013,0.9092918849057887,0.889530484958595,291,183
0.002408,0.8697690850114013,0.9092918849057887,0.889530484958595,291,183
0.00232,0.870559961547705,0.908401542013233,0.889480751780469,292,189
0.003198,0.8716201912084748,0.9071407068456862,0.8893804490270805,269,170
0.004229,0.8726530421799178,0.9060637748352716,0.8893584085075947,235,161
0.002446,0.8692833863115117,0.9092918849057887,0.8892876356086502,290,183
0.00231,0.870146182740388,0.908401542013233,0.8892738623768105,294,189
0.002884,0.8707581227436823,0.9077868852459016,0.889272503994792,277,171
0.003511,0.8694639914196772,0.9089514847855309,0.889207738102604,258,167
0.003346,0.8704442499742613,0.9079512590602727,0.889197754517267,264,169
0.002282,0.8687077265855018,0.9096133751306166,0.8891605508580591,295,190
0.003544,0.8693313341750842,0.9089514847855309,0.8891414094803076,256,167
0.003557,0.8693313341750842,0.9089514847855309,0.8891414094803076,256,167
0.003361,0.8703267209194295,0.9079512590602727,0.8891389899898512,263,169
0.002451,0.8692833863115117,0.9088823094004441,0.8890828478559779,290,182
0.003294,0.8701706024425422,0.9079512590602727,0.8890609307514075,266,169
0.003302,0.8701706024425422,0.9079512590602727,0.8890609307514075,266,169
0.0032,0.8709354252627646,0.9071407068456862,0.8890380660542254,268,170
0.001661,0.8635648409561454,0.9143376046816668,0.888951222818906,322,212
0.002318,0.8693120508988019,0.908401542013233,0.8888567964560175,293,189
0.003241,0.87050987402111,0.9071407068456862,0.8888252904333981,267,170
0.003251,0.87050987402111,0.9071407068456862,0.8888252904333981,267,170
0.017625,0.9473136147114213,0.8303312565541916,0.8888224356328065,85,29
0.003508,0.8685606455876727,0.9089514847855309,0.8887560651866018,259,167
0.002489,0.8684921096882681,0.9088823094004441,0.8886872095443561,288,182
0.002491,0.8684921096882681,0.9088823094004441,0.8886872095443561,288,182
0.003492,0.8682811551469951,0.9089514847855309,0.888616319966263,260,167
0.003496,0.8682811551469951,0.9089514847855309,0.888616319966263,260,167
0.001626,0.8628935055212428,0.9143376046816668,0.8886155551014547,325,212
0.001627,0.8628935055212428,0.9143376046816668,0.8886155551014547,325,212
0.003363,0.8692758873506705,0.9079512590602727,0.8886135732054716,262,169
0.003364,0.8692758873506705,0.9079512590602727,0.8886135732054716,262,169
0.003558,0.868851666227029,0.9081893322525576,0.8885204992397933,255,166
0.003941,0.8705190280103172,0.9061112773704424,0.8883151526903799,245,163
0.003979,0.8705190280103172,0.9061112773704424,0.8883151526903799,245,163
0.017681,0.946277382072302,0.8303312565541916,0.8883043193132468,84,29
0.004056,0.8695378537302462,0.9070627310898038,0.888300292410025,240,162
0.004073,0.8695378537302462,0.9070627310898038,0.888300292410025,240,162
0.002544,0.8676761509341799,0.9088823094004441,0.888279230167312,285,182
0.017514,0.946025031234246,0.8304372197309418,0.8882311254825939,86,32
0.002877,0.868660405338606,0.9077868852459016,0.8882236452922538,280,171
0.002883,0.8686367361806757,0.9077868852459016,0.8882118107132886,278,171
0.016922,0.9417561605061604,0.8346390294325663,0.8881975949693633,91,33
0.00345,0.8684171834323621,0.9079512590602727,0.8881842212463174,261,169
0.002536,0.8673805868927821,0.9088823094004441,0.8881314481466132,286,182
0.003577,0.868851666227029,0.907294945380485,0.8880733058037571,255,165
0.004022,0.8699770089674187,0.9061112773704424,0.8880441431689305,241,163
0.004051,0.8699770089674187,0.9061112773704424,0.8880441431689305,241,163
0.002629,0.8669683220994565,0.9091035586322052,0.8880359403658309,284,178
0.00268,0.8669683220994565,0.9091035586322052,0.8880359403658309,284,178
0.002695,0.8669683220994565,0.9090967606029399,0.8880325413511982,284,176
0.002696,0.8669683220994565,0.9090967606029399,0.8880325413511982,284,176
0.017019,0.9412698412698414,0.8346390294325663,0.8879544353512039,90,33
0.017044,0.9412698412698414,0.8346390294325663,0.8879544353512039,90,33
0.002574,0.8669683220994565,0.9088823094004441,0.8879253157499503,284,182
0.004165,0.8696487376509331,0.9060637748352716,0.8878562562431023,236,161
0.004154,0.8695378537302462,0.9060637748352716,0.8878008142827589,240,161
0.001608,0.8628935055212428,0.9126623994550791,0.8877779524881609,325,214
0.001612,0.8628935055212428,0.9126623994550791,0.8877779524881609,325,214
0.003604,0.8680727619014028,0.907294945380485,0.8876838536409439,254,165
0.003611,0.8680727619014028,0.907294945380485,0.8876838536409439,254,165
0.001371,0.861245766651172,0.914032035808176,0.887638901229674,333,221
0.003836,0.8691559109489182,0.9061112773704424,0.8876335941596802,249,163
0.004158,0.8691007756237809,0.9060637748352716,0.8875822752295262,238,161
0.004163,0.8691007756237809,0.9060637748352716,0.8875822752295262,238,161
0.003737,0.8688415978941377,0.906260079894797,0.8875508388944673,251,164
0.003742,0.8688415978941377,0.906260079894797,0.8875508388944673,251,164
0.00369,0.8677967300669372,0.907294945380485,0.8875458377237111,253,165
0.002813,0.868660405338606,0.9063215866873984,0.8874909960130022,280,173
0.002846,0.868660405338606,0.9063215866873984,0.8874909960130022,280,173
0.004018,0.868831712735351,0.9061112773704424,0.8874714950528967,243,163
0.004021,0.868831712735351,0.9061112773704424,0.8874714950528967,243,163
0.003774,0.8688071348940913,0.9061112773704424,0.8874592061322668,250,163
0.003808,0.8688071348940913,0.9061112773704424,0.8874592061322668,250,163
0.003456,0.8682811551469951,0.9066345639379347,0.8874578595424649,260,168
0.001484,0.8620600126108082,0.9128288984688568,0.8874444555398325,330,217
0.002583,0.8669683220994565,0.9079189686924494,0.8874436453959529,284,181
0.002594,0.8669683220994565,0.9079189686924494,0.8874436453959529,284,181
0.001478,0.8620600126108082,0.9127749084050127,0.8874174605079105,330,218
0.003882,0.8685742129341382,0.9061112773704424,0.8873427451522903,246,163
0.002748,0.8674619767966221,0.9069827881537136,0.8872223824751678,282,174
0.002771,0.8674619767966221,0.9069827881537136,0.8872223824751678,282,174
0.001436,0.8614714768082461,0.9127880749239973,0.8871297758661216,331,220
0.003705,0.8678460583488515,0.906260079894797,0.8870530691218242,252,164
0.00141,0.861245766651172,0.9127880749239973,0.8870169207875847,333,220
0.0027,0.8669683220994565,0.9069827881537136,0.886975555126585,284,174
0.002743,0.8669683220994565,0.9069827881537136,0.886975555126585,284,174
0.002849,0.868660405338606,0.9051818723911748,0.8869211388648903,280,172
0.002623,0.8669683220994565,0.9068711938412043,0.8869197579703304,284,180
0.001569,0.8622613836028471,0.9114999801090027,0.886880681855925,328,216
0.003876,0.867638326585695,0.9061112773704424,0.8868748019780687,247,163
0.002778,0.8667000895843777,0.9069827881537136,0.8868414388690457,281,174
0.001491,0.8620600126108082,0.9114999801090027,0.8867799963599055,330,216
0.001578,0.8622613836028471,0.9112236750174668,0.886742529310157,328,215
0.001455,0.8614714768082461,0.9119331601322627,0.8867023184702544,331,219
0.001459,0.8614714768082461,0.9119331601322627,0.8867023184702544,331,219
0.001581,0.8620715422610463,0.9112236750174668,0.8866476086392565,326,215
0.001599,0.8620715422610463,0.9112236750174668,0.8866476086392565,326,215
0.001364,0.8592151490377178,0.914032035808176,0.8866235924229469,334,221
0.001368,0.8592151490377178,0.914032035808176,0.8866235924229469,334,221
0.017169,0.9427688451817081,0.8304372197309418,0.886603032456325,89,32
0.001494,0.86145688572469,0.9114999801090027,0.8864784329168464,329,216
0.001532,0.86145688572469,0.9114999801090027,0.8864784329168464,329,216
0.001363,0.8581942504227631,0.9145458972485999,0.8863700738356814,335,222
0.00134,0.8581942504227631,0.9145409896530974,0.8863676200379302,335,223
0.001347,0.8581942504227631,0.9145409896530974,0.8863676200379302,335,223
0.000953,0.8574309889244954,0.9150120294698608,0.8862215091971781,363,234
0.001312,0.8575722212436145,0.9147746444926488,0.8861734328681317,336,225
0.01805,0.9475609203732223,0.8247478616111323,0.8861543909921773,83,28
0.018058,0.9475609203732223,0.8247478616111323,0.8861543909921773,83,28
0.017313,0.9416044295647695,0.8304372197309418,0.8860208246478556,88,32
0.000955,0.857022205018123,0.9150120294698608,0.8860171172439919,362,234
0.000981,0.857022205018123,0.9150120294698608,0.8860171172439919,362,234
0.001334,0.8581942504227631,0.913679190527782,0.8859367204752726,335,224
0.000927,0.8575797918929333,0.91418906308324,0.8858844274880866,365,235
0.017352,0.9412600303621774,0.8304372197309418,0.8858486250465596,87,32
0.017512,0.9412600303621774,0.8304372197309418,0.8858486250465596,87,32
0.001324,0.8575722212436145,0.913679190527782,0.8856257058856982,336,224
0.000914,0.8570212647206563,0.91418906308324,0.8856051639019482,368,235
0.018027,0.946277382072302,0.8247478616111323,0.8855126218417172,84,28
0.000916,0.8567071892684972,0.91418906308324,0.8854481261758687,367,235
0.001139,0.8564265129682996,0.9142971547013379,0.8853618338348188,347,232
0.001131,0.8564265129682996,0.9142757862905119,0.8853511496294058,347,233
0.000897,0.8570212647206563,0.913598392528233,0.8853098286244447,368,236
0.00108,0.8563218390804599,0.9142757862905119,0.8852988126854859,348,233
0.001107,0.8563218390804599,0.9142757862905119,0.8852988126854859,348,233
0.000932,0.8563920115644255,0.91418906308324,0.8852905373238327,364,235
0.000934,0.8563920115644255,0.91418906308324,0.8852905373238327,364,235
0.001244,0.8563087688607042,0.9141900396836836,0.8852494042721939,340,226
0.001247,0.8563087688607042,0.9141900396836836,0.8852494042721939,340,226
0.023705,0.9697761312181374,0.8007005253940456,0.8852383283060915,58,5
0.000985,0.8560508341967816,0.9142757862905119,0.8851633102436467,361,233
0.000994,0.8560508341967816,0.9142757862905119,0.8851633102436467,361,233
0.001303,0.855445653368502,0.9147746444926488,0.8851101489305754,337,225
0.000999,0.8558495821727019,0.9142757862905119,0.8850626842316069,359,233
0.001002,0.8558495821727019,0.9142757862905119,0.8850626842316069,359,233
0.001233,0.8563087688607042,0.9136981463451884,0.8850034576029463,340,228
0.001243,0.8563087688607042,0.9136981463451884,0.8850034576029463,340,228
0.001007,0.8556749281991277,0.9142757862905119,0.8849753572448198,357,233
0.001199,0.8561076604554865,0.9136981463451884,0.8849029034003375,342,228
0.00121,0.8561076604554865,0.9136981463451884,0.8849029034003375,342,228
0.001254,0.855555798942726,0.9141900396836836,0.8848729193132048,339,226
0.001044,0.8554596343541068,0.9142757862905119,0.8848677103223093,351,233
0.001051,0.8554596343541068,0.9142757862905119,0.8848677103223093,351,233
0.001298,0.855445653368502,0.9141900396836836,0.8848178465260927,337,226
0.001198,0.8559969830149544,0.9136103737953212,0.8848036784051379,343,229
0.023754,0.9688878158699501,0.8007005253940456,0.8847941706319978,57,5
0.023765,0.9688878158699501,0.8007005253940456,0.8847941706319978,57,5
0.00117,0.8570368385994382,0.9123085676354843,0.8846727031174613,344,230
0.000888,0.8557067318745167,0.913598392528233,0.8846525622013749,369,236
0.000894,0.8557067318745167,0.913598392528233,0.8846525622013749,369,236
0.018119,0.9475609203732223,0.821494708994709,0.8845278146839657,83,27
0.001012,0.8547138453671218,0.9142757862905119,0.8844948158288168,356,233
0.000872,0.8557197363857092,0.9132563638892753,0.8844880501374923,372,237
0.00104,0.8544822714266347,0.9142757862905119,0.8843790288585733,353,233
0.001025,0.8544280836534358,0.9142757862905119,0.8843519349719738,355,233
0.001193,0.8559969830149544,0.9123085676354843,0.8841527753252194,343,230
0.001196,0.8559969830149544,0.9123085676354843,0.8841527753252194,343,230
0.000884,0.8546975296634896,0.913598392528233,0.8841479610958614,371,236
0.000882,0.8546975296634896,0.9132563638892753,0.8839769467763825,371,237
0.001028,0.8536024964199458,0.9142757862905119,0.8839391413552289,354,233
0.001031,0.8536024964199458,0.9142757862905119,0.8839391413552289,354,233
0.001159,0.8554660720342347,0.9123085676354843,0.8838873198348596,346,230
0.00116,0.855390509234161,0.9123085676354843,0.8838495384348226,345,230
0.000863,0.8543134443128209,0.9132563638892753,0.8837849041010482,373,237
0.000858,0.8529723073517304,0.9120050660528238,0.8824886867022771,374,238
0.000707,0.8514286691989186,0.9119992649761117,0.8817139670875151,382,240
0.000856,0.8513851468048359,0.9120050660528238,0.8816951064288299,375,238
0.000688,0.8509152051180403,0.9119992649761117,0.881457235047076,383,240
0.000689,0.8509152051180403,0.9119992649761117,0.881457235047076,383,240
0.000844,0.8515812567265503,0.9110095294269441,0.8812953930767472,376,239
0.000686,0.8509152051180403,0.9116585602667326,0.8812868826923865,383,241
0.000847,0.8513851468048359,0.9110095294269441,0.88119733811589,375,239
0.000685,0.8506375600698997,0.9116585602667326,0.8811480601683161,384,241
0.000825,0.8510248372317339,0.9110095294269441,0.881017183329339,377,239
0.000735,0.8498181568654362,0.9119992649761117,0.8809087109207739,380,240
0.000739,0.8498181568654362,0.9119992649761117,0.8809087109207739,380,240
0.00078,0.8506718682271347,0.9110095294269441,0.8808406988270394,378,239
0.000798,0.8506718682271347,0.9110095294269441,0.8808406988270394,378,239
0.000771,0.8498181568654362,0.9110095294269441,0.8804138431461901,380,239
0.000678,0.8491120428128301,0.9116585602667326,0.8803853015397813,385,241
0.000629,0.8487767087511332,0.9115748139354368,0.880175761343285,391,242
0.000643,0.848422412620699,0.9115748139354368,0.8799986132780679,387,242
0.000656,0.8483724033688969,0.9115748139354368,0.8799736086521668,386,242
0.000326,0.8526134756332776,0.9071154466574974,0.8798644611453875,440,268
0.000635,0.8479727669952242,0.9115748139354368,0.8797737904653304,390,242
0.000636,0.8479727669952242,0.9115748139354368,0.8797737904653304,390,242
0.000605,0.8493309906744154,0.9096971848938418,0.8795140877841285,392,243
0.000627,0.8493309906744154,0.9096971848938418,0.8795140877841285,392,243
0.000331,0.8517656975921135,0.9071154466574974,0.8794405721248055,439,268
0.000591,0.8498998928145287,0.908760416099341,0.8793301544569349,394,244
0.000594,0.8498998928145287,0.908760416099341,0.8793301544569349,394,244
0.00064,0.8470742245525025,0.9115748139354368,0.8793245192439696,389,242
0.000641,0.8470043328851038,0.9115748139354368,0.8792895734102704,388,242
0.00035,0.8512310734135802,0.9071154466574974,0.8791732600355389,438,268
0.000351,0.8512310734135802,0.9071154466574974,0.8791732600355389,438,268
0.000354,0.8503400264285943,0.9071154466574974,0.8787277365430459,437,268
0.000589,0.8484747609248275,0.908760416099341,0.8786175885120843,396,244
0.000291,0.8535950592683424,0.9036253877475942,0.8786102235079682,448,274
0.000293,0.8535950592683424,0.9036253877475942,0.8786102235079682,448,274
0.000405,0.8497680905582043,0.9072847107796375,0.8785264006689208,430,260
0.000408,0.8497680905582043,0.9072847107796375,0.8785264006689208,430,260
0.000301,0.8542505592841163,0.9027543775827529,0.8785024684334346,447,273
0.000319,0.8518693238342799,0.905085908324936,0.878477616079608,442,269
0.000582,0.8481007556675062,0.908760416099341,0.8784305858834236,397,244
0.000313,0.8537291377468447,0.9030252100840336,0.8783771739154391,446,272
0.000404,0.8486111291137928,0.9080762478053674,0.8783436884595801,431,261
0.000411,0.8497680905582043,0.9068967616264914,0.8783324260923479,430,259
0.000314,0.8537291377468447,0.9029174880789905,0.8783233129129175,446,271
0.000316,0.8537061243320134,0.9029174880789905,0.878311806205502,444,271
0.000371,0.8495032994874645,0.9071154466574974,0.8783093730724809,434,268
0.000322,0.8515253126746449,0.905085908324936,0.8783056104997904,441,269
0.000324,0.8515253126746449,0.905085908324936,0.8783056104997904,441,269
0.000303,0.8537291377468447,0.9027543775827529,0.8782417576647987,446,273
0.000309,0.8537291377468447,0.9027543775827529,0.8782417576647987,446,273
0.000545,0.8495023880039488,0.906941699827653,0.8782220439158009,403,246
0.00058,0.8481007556675062,0.9082763925969501,0.8781885741322282,397,245
0.000561,0.8492270192660857,0.906941699827653,0.8780843595468694,402,246
0.000571,0.8492270192660857,0.906941699827653,0.8780843595468694,402,246
0.000403,0.8480445480445481,0.9080762478053674,0.8780603979249577,432,261
0.000366,0.8488925481079684,0.9071154466574974,0.8780039973827329,435,268
0.00037,0.8488925481079684,0.9071154466574974,0.8780039973827329,435,268
0.000578,0.8477175559218902,0.9082763925969501,0.8779969742594202,399,245
0.000579,0.8477175559218902,0.9082763925969501,0.8779969742594202,399,245
0.000543,0.8495023880039488,0.9064102564102564,0.8779563222071026,403,247
0.000416,0.8493224509937601,0.9060786006400363,0.8777005258168982,429,258
0.000537,0.8497177767448036,0.9055357206932434,0.8776267487190235,407,248
0.000541,0.8487537852317726,0.9064102564102564,0.8775820208210146,405,247
0.00054,0.849574200753874,0.9055357206932434,0.8775549607235587,406,248
0.000379,0.8495032994874645,0.905596852517218,0.8775500760023413,434,266
0.000535,0.8493559128658229,0.9055357206932434,0.8774458167795331,408,248
0.000536,0.8493559128658229,0.9055357206932434,0.8774458167795331,408,248
0.000454,0.8489003618565268,0.9059218241616774,0.8774110930091021,421,254
0.000318,0.8518693238342799,0.9029174880789905,0.8773934059566353,442,271
0.000526,0.8477930286681477,0.9068478815037433,0.8773204550859455,411,249
0.000542,0.8480604453446691,0.9064102564102564,0.8772353508774627,404,247
0.000288,0.8535950592683424,0.9007339449541284,0.8771645021112354,448,275
0.000572,0.8473661311914324,0.906941699827653,0.8771539155095427,400,246
0.000458,0.848048077552892,0.9059218241616774,0.8769849508572847,420,254
0.000459,0.848048077552892,0.9059218241616774,0.8769849508572847,420,254
0.000417,0.8478708746571693,0.9060786006400363,0.8769747376486028,428,258
0.000424,0.8478708746571693,0.9060786006400363,0.8769747376486028,428,258
0.000517,0.8469354732184136,0.9068478815037433,0.8768916773610784,412,249
0.000522,0.8469354732184136,0.9068478815037433,0.8768916773610784,412,249
0.000529,0.8482311281728829,0.9055357206932434,0.8768834244330632,410,248
0.000534,0.8482311281728829,0.9055357206932434,0.8768834244330632,410,248
0.000432,0.8476685354847532,0.9060786006400363,0.8768735680623947,426,258
0.000286,0.8535950592683424,0.8999192998219605,0.8767571795451514,448,276
0.00046,0.8477110598232317,0.9056865709915025,0.8766988154073672,419,253
0.000398,0.8485324845873685,0.9048475438823479,0.8766900142348582,433,262
0.000497,0.8465040489828165,0.9068478815037433,0.8766759652432798,415,249
0.000516,0.8465040489828165,0.9068478815037433,0.8766759652432798,415,249
0.000473,0.8476381751235553,0.9056865709915025,0.8766623730575289,418,253
0.000475,0.8476381751235553,0.9056865709915025,0.8766623730575289,418,253
0.000383,0.8485324845873685,0.9047619047619049,0.8766471946746367,433,265
0.000387,0.8485324845873685,0.9047619047619049,0.8766471946746367,433,265
0.000396,0.8485324845873685,0.904685301485981,0.8766088930366748,433,264
0.000446,0.8461761789190742,0.9069995190836357,0.876587849001355,424,257
0.000448,0.8468418165432389,0.9061944957355139,0.8765181561393764,423,255
0.000495,0.8465040489828165,0.9065167899829255,0.876510419482871,415,251
0.000447,0.8468418165432389,0.9061228605499438,0.8764823385465914,423,256
0.000402,0.8480445480445481,0.9048475438823479,0.876446045963448,432,262
0.000397,0.8485324845873685,0.904254770056604,0.8763936273219863,433,263
0.000433,0.8466677529737656,0.9060786006400363,0.876373176806901,425,258
0.000438,0.8466677529737656,0.9060786006400363,0.876373176806901,425,258
0.000493,0.8468411291171208,0.9056865709915025,0.8762638500543116,416,253
0.000276,0.8540851685694412,0.8983934750370738,0.8762393218032575,449,280
0.000489,0.8467757301008508,0.9056865709915025,0.8762311505461766,417,253
0.000444,0.8461761789190742,0.9060786006400363,0.8761273897795552,424,258
0.000285,0.8535950592683424,0.8985227602805096,0.876058909774426,448,277
0.000494,0.8468411291171208,0.9051121752239071,0.8759766521705139,416,252
0.000281,0.8540851685694412,0.8974261327416777,0.8757556506555595,449,278
0.000284,0.8535950592683424,0.8974261327416777,0.87551059600501,448,278
0.000268,0.8540851685694412,0.8967026373969573,0.8753939029831992,449,281
0.00026,0.8557585789775259,0.8931627077607642,0.8744606433691451,452,283
0.000261,0.8557585789775259,0.8931627077607642,0.8744606433691451,452,283
0.000262,0.8545569233121799,0.8931627077607642,0.8738598155364721,451,283
0.000263,0.8544014028375578,0.8931627077607642,0.8737820552991611,450,283
0.000264,0.8540851685694412,0.8931627077607642,0.8736239381651028,449,283
0.00022,0.8581451505567843,0.8888504405906732,0.8734977955737288,458,290
0.000257,0.8557585789775259,0.8910448976268979,0.8734017383022119,452,285
0.0002,0.8570153787734953,0.8894490358126723,0.8732322072930838,460,300
0.000203,0.8570153787734953,0.8894040363317286,0.873209707552612,460,298
0.000202,0.8570153787734953,0.8889498012242064,0.8729825899988508,460,299
0.000222,0.8567437287920591,0.8888504405906732,0.8727970846913662,457,290
0.000224,0.8567437287920591,0.8888504405906732,0.8727970846913662,457,290
0.000205,0.8570153787734953,0.8885611522215517,0.8727882654975235,460,296
0.000217,0.8581451505567843,0.8874108787951615,0.8727780146759729,458,292
0.000218,0.8581451505567843,0.8874108787951615,0.8727780146759729,458,292
0.000227,0.8565294386472694,0.8888504405906732,0.8726899396189713,456,290
0.00021,0.8570153787734953,0.888175300333304,0.8725953395533996,460,293
0.000213,0.8569628109641788,0.888175300333304,0.8725690556487414,459,293
0.000209,0.8570153787734953,0.8880719344314476,0.8725436566024715,460,295
0.000247,0.8560700040078632,0.8884895592212665,0.8722797816145649,453,286
0.000234,0.8565294386472694,0.8879868689557271,0.8722581538014982,456,289
0.00025,0.8557585789775259,0.8884895592212665,0.8721240690993962,452,286
0.000235,0.8555612018039763,0.8875873108265426,0.8715742563152595,455,288
0.000239,0.8554582959869302,0.8875873108265426,0.8715228034067364,454,288
0.000191,0.855597867960037,0.8871060216928599,0.8713519448264484,463,301
0.000192,0.855597867960037,0.8871060216928599,0.8713519448264484,463,301
0.000196,0.8555976869845483,0.8871060216928599,0.8713518543387041,462,301
0.00024,0.8554582959869302,0.8868041487723847,0.8711312223796575,454,287
0.000187,0.855240571515121,0.8869508993299112,0.8710957354225162,464,302
0.000184,0.8559833506763788,0.8842635949303864,0.8701234728033826,465,304
0.000181,0.8552672985662676,0.8842635949303864,0.869765446748327,468,304
0.000186,0.855240571515121,0.8842635949303864,0.8697520832227537,464,304
0.000168,0.8550017285269808,0.8841594953467545,0.8695806119368676,470,305
0.000183,0.8547990930847715,0.8842635949303864,0.8695313440075789,467,304
0.000177,0.8545043430131265,0.8842635949303864,0.8693839689717564,469,304
0.00018,0.8545043430131265,0.8842635949303864,0.8693839689717564,469,304
0.000173,0.8545043430131265,0.8841594953467545,0.8693319191799405,469,305
0.000166,0.8535502958579881,0.8847582631942987,0.8691542795261434,471,306
0.000167,0.8535502958579881,0.8841594953467545,0.8688548956023714,471,305
0.000162,0.8535502958579881,0.8835889974149808,0.8685696466364845,471,308
0.000163,0.8535502958579881,0.8835889974149808,0.8685696466364845,471,308
0.000147,0.8542632168164562,0.8827372581809888,0.8685002374987225,478,317
0.00016,0.8526741996233522,0.8835889974149808,0.8681315985191664,472,308
0.00015,0.8542405039512078,0.8818984295267254,0.8680694667389666,476,316
0.000151,0.8542405039512078,0.8810439560439562,0.867642229997582,476,315
0.000152,0.8534931077694237,0.8817584909708016,0.8676257993701126,475,313
0.000141,0.8547497906066781,0.8803552055594753,0.8675524980830767,479,318
0.000154,0.8535015464143889,0.8813795485951175,0.8674405475047532,473,312
0.000153,0.8534931077694237,0.8813795485951175,0.8674363281822706,475,312
0.000139,0.85366759691084,0.8803552055594753,0.8670114012351577,481,318
0.00014,0.8533483258370814,0.8803552055594753,0.8668517656982784,480,318
0.000155,0.8526741996233522,0.8807827812735581,0.8667284904484551,472,311
0.000156,0.8526741996233522,0.8807827812735581,0.8667284904484551,472,311
0.000137,0.8527064549340156,0.8803552055594753,0.8665308302467455,482,318
0.000133,0.8519107485843999,0.8803552055594753,0.8661329770719376,483,318
0.000129,0.8508089104598345,0.8812993595981082,0.8660541350289714,487,321
0.000132,0.8519107485843999,0.8801281177593021,0.8660194331718509,483,319
0.00013,0.8508089104598345,0.8804791414752117,0.8656440259675231,487,320
0.000131,0.8507747956394787,0.8804791414752117,0.8656269685573452,486,320
0.000128,0.8508089104598345,0.87879482401034,0.8648018672350872,487,323
0.000117,0.8498739506234166,0.8755621072694243,0.8627180289464205,491,328
0.000125,0.849587583369074,0.8756694264190348,0.8626285048940544,489,327
0.000126,0.8497723823975721,0.8754183043234138,0.8625953433604929,488,325
0.000124,0.849587583369074,0.8755621072694243,0.8625748453192492,489,328
0.000108,0.8514413309548585,0.8733831029640032,0.8624122169594308,496,332
0.000121,0.8491255863075824,0.8755621072694243,0.8623438467885034,490,328
0.000107,0.8508280451942423,0.8732171975415218,0.8620226213678821,497,333
0.000111,0.8505778141690082,0.8733957090092969,0.8619867615891526,493,329
0.000109,0.8514413309548585,0.8725194005094484,0.8619803657321534,496,331
0.000113,0.8500899894495128,0.8733957090092969,0.8617428492294048,492,329
0.000114,0.8500899894495128,0.8733957090092969,0.8617428492294048,492,329
0.00011,0.8502695668339841,0.8725194005094484,0.8613944836717162,495,331
0.000105,0.8498732612055642,0.8715447334114059,0.860708997308485,500,334
0.000106,0.8498732612055642,0.8715447334114059,0.860708997308485,500,334
0.0001,0.8508895521650196,0.8685937054293048,0.8597416287971622,501,338
0.000103,0.8498732612055642,0.8688736122343945,0.8593734367199793,500,335
0.000102,0.8498732612055642,0.8680734146609518,0.858973337933258,500,337
